species,Family,Altitude median,Altitude_quart25,Altitude_quart75,ndvi_min,ndvi_mean,ndvi_max,solr_min,solr_mean,solr_max,temp_mean,temp_max,temp_min,Altitude_PC1,NDVI_PC1,Solar_PC1,Temp_PC1
Alectura_lathami,Megapodiidae,89.6875,19.125,351.125,-0.0104,0.050191667,0.439700007,11313,17949.66602,24252,199,271,106,-1401.979544,-0.024417047,129.7626303,-14.18190056
Aepypodius_arfakianus,Megapodiidae,1495.5625,976.984375,1942.375,0,0.093033336,0.321400002,14581.5,16240.16699,18249.5,181.5,206,152,913.1295634,-0.128805879,1679.715051,-26.98485391
Aepypodius_bruijnii,Megapodiidae,86.53125,56.109375,156.515625,0.062399998,0.152929172,0.608399987,14801.5,16948.375,18571.5,265,278,252,-1507.897844,0.163985454,2242.405288,-169.7738664
Talegalla_fuscirostris,Megapodiidae,45.28125,24.53125,70.453125,-0.023800001,0.095895831,0.486600012,15195,17359.83301,19263,259,293,226,-1602.441109,0.032209454,2837.542269,-149.0006921
Talegalla_jobiensis,Megapodiidae,82.6875,36.53125,475.65625,-0.020400001,0.1259,0.453199998,14851,16579.75,18535.5,261,285,233,-1318.647174,0.007083018,2101.69327,-153.8312988
Leipoa_ocellata,Megapodiidae,82.75,59.25,184.9375,-0.00945,0.062058333,0.279100001,8513.5,18101.91602,27797.5,169,299,60,-1490.581847,-0.177334889,-1960.944224,32.28848559
Macrocephalon_maleo,Megapodiidae,154.3125,22,396.8125,-0.017100001,0.082525,0.407399997,15939,17829.75,20077,258.5,281,237.5,-1333.778287,-0.04788462,3774.740048,-155.2470631
Eulipoa_wallacei,Megapodiidae,72.5,7.734375,244.84375,0,0.065508334,0.417999998,15188,17181.70801,19008,263.5,281,246,-1484.926072,-0.041777053,2724.991612,-164.8080191
Megapodius_pritchardii,Megapodiidae,18.5625,10.34375,42.65625,0,0.005916667,0.136999995,12038,16620.79199,20083.5,264.5,281,248,-1642.85813,-0.328836979,-204.3005529,-166.965957
Megapodius_laperouse,Megapodiidae,13.6875,2.859375,57.3125,0,0.005916667,0.136999995,14952,16666.41699,18069,275,287,265,-1640.264883,-0.328836979,2197.120514,-187.8047339
Megapodius_cumingii,Megapodiidae,21,5.1875,182.53125,-0.00065,0.066916667,0.381400004,15131,16693.75,20054,271.5,289.5,254,-1555.756342,-0.076938659,2513.941866,-177.5824346
Megapodius_bernsteinii,Megapodiidae,61.25,27.90625,441.875,0.04645,0.084924996,0.608899981,15520.5,17856.83398,20299.5,266,281,249,-1356.92087,0.148004489,3441.387369,-168.5645529
Megapodius_tenimberensis,Megapodiidae,30.6875,0.28125,101.625,-0.012,0.019708334,0.227899998,15923.5,18930,22102.5,270,286,251,-1603.632369,-0.237276908,4452.554961,-173.4955812
Megapodius_freycinet,Megapodiidae,79.9375,10.40625,164.9375,-0.00445,0.082816668,0.457100004,15132,17138.08398,18884,266,281,251,-1529.644543,0.000366467,2645.718941,-170.2028637
Megapodius_geelvinkianus,Megapodiidae,74.3125,32.125,108.5625,0,0.119604167,0.453250006,16663,18313.91699,19821,270,282,258,-1557.504952,0.005549984,4621.77788,-178.2583015
Megapodius_eremita,Megapodiidae,31.46875,4.953125,118.625,0,0.060083333,0.343800008,17512.5,19212.20801,21219.5,267,284,251.5,-1590.072692,-0.115074367,5904.46415,-171.8605941
Megapodius_layardi,Megapodiidae,41.96875,11.6875,155.375,0.00015,0.0987125,0.695050001,13849,18682.58398,22569,257,278,237,-1557.299774,0.235045214,2565.269283,-153.3295192
Megapodius_decollatus,Megapodiidae,344.5,35.25,1191.0625,0,0.125258341,0.411799997,14433,16115.08301,18367,248,275,226,-714.1736653,-0.033287598,1498.169669,-138.9136409
Megapodius_reinwardt,Megapodiidae,24.625,7.25,112.203125,-0.0141,0.034595832,0.289499998,15303,19666.20801,23629,254,297,196,-1596.974504,-0.173900223,4389.294846,-122.7992622
Ortalis_vetula,Cracidae,75.65625,13.1875,354.578125,-0.0152,0.168754168,0.547699988,13860,18067.66602,21406,250,304,189,-1411.043012,0.109145244,2186.164777,-116.6865596
Ortalis_cinereiceps,Cracidae,353.875,52.4375,856.25,-0.02405,0.080624998,0.402999997,16735,19230.5,22093,245,279,219,-911.2854805,-0.052596069,5303.744207,-132.5920396
Ortalis_garrula,Cracidae,39.125,10.65625,114.203125,-0.04755,0.082175002,0.382100001,17324,18971.95898,20771,269,295,238,-1585.478749,-0.072433262,5589.444586,-164.5125109
Ortalis_ruficauda,Cracidae,288.0625,79.6875,939.125,-0.0188,0.159450009,0.556999981,15753.5,17780.91602,19882,255,287,215,-883.7456649,0.115917909,3575.212706,-136.4544231
Ortalis_erythroptera,Cracidae,232.71875,33.125,857.21875,-0.046149999,0.028616667,0.203600004,11884,13562.5835,16489,230,267,188,-991.5366988,-0.258598391,-2107.587107,-96.489714
Ortalis_wagleri,Cracidae,105.75,17.875,345.359375,-0.030999999,0.077037502,0.376399994,12765,18250.79199,22220,250,310,165,-1396.832134,-0.079253077,1386.360134,-98.48388101
Ortalis_poliocephala,Cracidae,219.0625,31.875,1099.5625,-0.036600001,0.112374999,0.49499999,14756,18133.91602,20446,257,313,184,-847.2135954,0.044391813,2924.79723,-118.4137486
Ortalis_canicollis,Cracidae,139.3125,95.03125,471.890625,-0.0076,0.092658333,0.532800019,10872,16452.20801,20813,229,316,123,-1258.122193,0.076199282,-1244.719028,-54.62423792
Ortalis_leucogastra,Cracidae,133.96875,9,640.6875,-0.0252,0.116666663,0.471300006,17422,19412.04102,22057,271,311,218,-1198.374391,0.022412785,5986.487523,-153.0541269
Ortalis_guttata,Cracidae,307.0625,193.96875,791.40625,-0.0111,0.131933331,0.539099991,12545,14303.58301,16157,245,287,194,-907.8418304,0.091853735,-1194.796528,-114.0558894
Ortalis_motmot,Cracidae,95.1875,34.859375,184.328125,-0.017999999,0.188316673,0.617999971,14579,17072.125,20262,258,303,225,-1496.050264,0.182098327,2236.115049,-150.0903286
Penelope_argyrotis,Cracidae,1395.75,985.75,1768.09375,-0.02295,0.108891666,0.466100007,15454.5,17467.41602,19730,193.5,235.5,155,749.0294635,0.015475122,3150.429296,-42.84168005
Penelope_barbata,Cracidae,2515.375,2123.59375,2839.34375,-0.034400001,0.065041669,0.323500007,12305,13676.08301,15397,137,196,79,2659.367292,-0.133473698,-1767.883847,58.36531189
Penelope_montagnii,Cracidae,2687.8125,2115.84375,3086.734375,-0.02025,0.08623334,0.367599994,14206,15709.125,17202,131,175,84,2912.72586,-0.085585669,1014.937436,62.48697662
Penelope_marail,Cracidae,105.53125,72.046875,170.90625,0,0.211049989,0.615150005,14582,17649.45801,21553,256.5,303,223,-1479.581928,0.184805005,2618.463048,-147.6725772
Penelope_superciliaris,Cracidae,276.6875,145.765625,653.671875,-0.0115,0.110616665,0.590200007,11713,15512.875,18913,230,296,152,-1037.059382,0.13625172,-1117.659303,-74.04253404
Penelope_dabbenei,Cracidae,1851.25,1566.6875,2160.25,-0.0222,0.015416667,0.100500003,11788,16294.91699,20011,150,232,23,1558.557181,-0.361881096,-586.7007534,88.74055579
Penelope_purpurascens,Cracidae,357.8125,112.390625,893,-0.0108,0.113829166,0.493299991,15934,18744.58301,21589.5,242,285,195,-855.3521396,0.043028292,4332.372588,-112.83048
Penelope_albipennis,Cracidae,493.9375,290.4375,756.09375,-0.0156,0.024400001,0.159199998,12962,15107.41699,16594,239,287,179,-771.5644189,-0.302773588,-405.5890307,-98.65079619
Penelope_jacquacu,Cracidae,233.4375,160.6875,342.625,0,0.153008327,0.599600017,12570,14485.33301,16551,249,294,201,-1251.186105,0.155630866,-1054.476447,-123.5683786
Penelope_obscura,Cracidae,809.75,457.09375,1104.71875,-0.00375,0.078649998,0.510100007,10448.5,14690.75,18229.5,189,263,102,-281.6992725,0.050767801,-2669.832421,-3.766273708
Penelope_pileata,Cracidae,161.40625,86.40625,291.671875,-0.021,0.148362495,0.661799997,11940,14965.33301,18676.5,256,301.5,223,-1363.294966,0.214897321,-1207.106561,-147.0485009
Penelope_ochrogaster,Cracidae,118.6875,114.75,145.875,-0.046399999,0.12059167,0.667300016,13097.5,15267.5415,17372.5,264,325,184,-1465.992538,0.213557919,-151.3017606,-124.9652403
Penelope_jacucaca,Cracidae,667.78125,443.828125,837.15625,-0.0207,0.159458324,0.634599984,14979,17749.16699,20647,240.5,313,187,-540.5854318,0.19120362,2944.435378,-112.2973692
Pipile_pipile,Cracidae,136.6875,57.40625,215.78125,0.0236,0.251620837,0.58829999,15132,18512.20898,21007,261,277,246.5,-1440.413301,0.168544896,3478.72877,-162.9471617
Pipile_cumanensis,Cracidae,238.96875,187.859375,310.4375,0,0.173150003,0.657400012,12630,14485.5,16325,250,292.5,196,-1254.468389,0.216591156,-1019.17083,-119.6279657
Pipile_cujubi,Cracidae,206.375,121,260.8125,-0.022650001,0.136241667,0.621950001,11848.5,14634.20801,17989.5,252,319,205,-1338.841097,0.173301412,-1500.339238,-134.4749286
Pipile_jacutinga,Cracidae,247,195.0625,525.0625,0,0.119166665,0.673600018,10049,15883.58301,21129,216,292,125,-1110.630955,0.219202401,-2214.679074,-43.67919224
Aburria_aburri,Cracidae,1575.125,1096.96875,1992.21875,0,0.110466667,0.432099998,12822,14493.83301,16380,185,229,143,1052.150637,-0.017185436,-844.3280815,-27.01651325
Chamaepetes_unicolor,Cracidae,1496.59375,1137.265625,1972.6875,-0.02745,0.070249997,0.328399986,16559,18994.66699,21732,178,217,152,1014.213341,-0.127474147,5008.267928,-27.83742021
Chamaepetes_goudotii,Cracidae,2007.59375,1634.203125,2436.15625,-0.007,0.108075,0.407749996,14910.5,16152.9585,17616.5,164,202,129,1858.674091,-0.041369337,1875.250318,1.920560752
Penelopina_nigra,Cracidae,1457.65625,1059.328125,1844.09375,-0.02715,0.128183335,0.483750001,15665,18555.08398,20971.5,187,249,124.5,870.6524778,0.037291062,3959.758734,-17.75822998
Oreophasis_derbianus,Cracidae,1915.625,1451.59375,2519.015625,-0.01865,0.106525004,0.494349986,15649.5,18350.54102,20937,165,224.5,104.5,1764.355231,0.042294329,3843.303576,16.00629877
Nothocrax_urumutum,Cracidae,229.25,119.25,288.71875,0,0.191333339,0.670000017,11636,13334.83301,15201,245,282,207,-1308.698071,0.233228161,-2530.721284,-123.4907003
Mitu_tomentosum,Cracidae,113.96875,73.859375,170.6875,-0.0084,0.166454174,0.540000021,14455,16493.875,18885,259,308,223,-1473.851316,0.101099542,1741.879246,-150.1858542
Mitu_salvini,Cracidae,241.1875,209,306.875,0,0.198658332,0.693400025,11570,13288.41699,14963,242,280,206,-1244.686427,0.257706301,-2628.546225,-120.6269801
Mitu_tuberosum,Cracidae,247.8125,177.390625,337.40625,0,0.140483335,0.586199999,12531.5,14552.79199,16786.5,251,299,193.5,-1237.571727,0.139591312,-1037.208551,-119.6781765
Mitu_mitu,Cracidae,24.3125,24.3125,24.3125,-0.0766,0.088375002,0.39199999,13978,18942,22937,263,306,221,-1643.974774,-0.061248546,2832.052218,-150.1403676
Pauxi_pauxi,Cracidae,1118.625,890.8125,1430,0,0.14108333,0.518700004,15307,17406.33301,19504,208,247.5,167.5,324.901434,0.074256109,2975.558638,-63.52981701
Pauxi_unicornis,Cracidae,466.4375,377.296875,513.609375,0,0.127945837,0.501949996,12175.5,15365.625,17682,239.5,294.5,166.5,-896.6671426,0.054818093,-880.327304,-90.49248123
Crax_rubra,Cracidae,155.40625,44.46875,369.671875,0,0.146608338,0.539699972,15464,18730.625,21657,252,296,207,-1338.864617,0.095969065,3922.608964,-130.5278759
Crax_alberti,Cracidae,202.28125,108.171875,445.90625,-0.0495,0.144433334,0.512799978,16277.5,17600.91602,19530,263,299,223,-1230.921623,0.069475016,3915.397752,-150.0787852
Crax_daubentoni,Cracidae,84.65625,70.03125,129.1875,0,0.17756667,0.631599993,16078,17693.125,19631,270,332,229,-1519.181469,0.192635023,3795.044466,-166.6448892
Crax_alector,Cracidae,112.1875,85.5625,193.3125,0,0.213708341,0.623650014,14597,17162.33398,20607,256,301,220,-1454.675625,0.193696051,2321.759271,-144.4696137
Crax_globulosa,Cracidae,95.46875,80.375,100.5625,-0.0155,0.117658339,0.558950007,11580.5,13384.75,15560,252,287,218,-1525.658101,0.107656283,-2527.61154,-137.3530084
Crax_fasciolata,Cracidae,179.0625,116.984375,395.921875,-0.026649999,0.109762501,0.609050006,12894,15615.1665,17931.5,252,319,176,-1271.617618,0.154370067,-115.5637159,-110.7194216
Crax_blumenbachii,Cracidae,46.40625,32.9375,66,-0.043750001,0.129345834,0.65200001,11327.5,15431.5,20108.5,248,292,205,-1600.32575,0.200833694,-1403.058195,-125.8396894
Agelastes_meleagrides,Numididae,165.9375,134.25,196.125,0.035599999,0.197166666,0.498600006,13010,16079.58301,19010,250,291,215,-1396.664821,0.068278343,293.5759296,-134.8276557
Agelastes_niger,Numididae,695.9375,413.375,856.9375,0,0.141041666,0.497700006,13746,15479.83301,16919,226,271,194,-527.0406786,0.053874177,481.9872195,-100.297506
Numida_meleagris,Numididae,1059.375,400.703125,1419.53125,-0.023800001,0.074025001,0.393000007,13663,19066.5,24235,186,286,71,34.80237658,-0.063899693,2716.571894,17.60106157
Guttera_plumifera,Numididae,676.875,514.4375,869.703125,-0.0035,0.198216669,0.637549996,13701,15291.9165,16709,224.5,269,191,-478.872585,0.203428857,335.0022464,-96.5749155
Guttera_pucherani,Numididae,888.1875,131.125,1229.5,-0.0115,0.141016662,0.489899993,14393.5,17089.25,19521.5,236,304,155,-322.3669658,0.046331445,2028.291303,-81.56049745
Acryllium_vulturinum,Numididae,881,609.75,1167.0625,0,0.116483331,0.293099999,16825,18614.83398,20669,237,304,173,-123.0821204,-0.150566975,4973.377212,-96.82492189
Ptilopachus_petrosus,Odontophoridae,194.4375,36.140625,367.6875,0.028200001,0.156291664,0.395900011,16502,19220.70801,21443,271,367,188,-1321.451003,-0.041252423,5048.22525,-142.0786105
Ptilopachus_nahani,Odontophoridae,1076.8125,902.6875,1106.0625,0,0.188516676,0.628499985,15803,17695.91602,19264,225,291,176,101.9349416,0.192285802,3530.35431,-89.88991945
Dendrortyx_barbatus,Odontophoridae,1500.21875,1248.765625,1876.890625,-0.02175,0.076716669,0.431349993,12817,16460.25,18959.5,176,249,91.5,1012.460868,-0.026048846,309.1963514,14.9897957
Dendrortyx_macroura,Odontophoridae,2322.625,1724,2832.75,-0.0288,0.124600001,0.540499985,14347,17721.91602,20109,146,228,60,2339.351313,0.09147794,2342.378151,61.48168111
Dendrortyx_leucophrys,Odontophoridae,1606.6875,1336.65625,1977.5,-0.0285,0.102141671,0.476799995,16789,19554.58398,22438,177,228,123,1183.018211,0.024231004,5535.465773,-6.233547058
Oreortyx_pictus,Odontophoridae,1294.375,761.125,1754.875,-0.02195,0.183125004,0.590250015,6174.5,16690.5,26898,100,269,-26,567.2254327,0.153928528,-4751.192709,145.8753712
Callipepla_squamata,Odontophoridae,1288.15625,986.140625,1544.3125,0,0.104408335,0.279399991,10399,18477.04199,26254,170,332,2,544.8706216,-0.166788311,-255.3190606,71.26609006
Callipepla_douglasii,Odontophoridae,211.09375,28.46875,497.046875,-0.0284,0.078695834,0.358700007,12495,18300.70801,22350,241,318,137,-1233.923737,-0.096027837,1186.212465,-72.81362155
Callipepla_californica,Odontophoridae,381.4375,111.140625,836.75,0,0.16049166,0.488299996,6013,16288.41699,26067,129,286,25,-877.6348393,0.049476734,-5150.761868,84.90094986
Callipepla_gambelii,Odontophoridae,859.96875,442.09375,1303.703125,-0.0133,0.096491665,0.289499998,10709.5,19471.70801,28328,201,373,34,-134.2586383,-0.158877431,657.2291471,18.98816207
Philortyx_fasciatus,Odontophoridae,982.03125,534.5625,1352.296875,-0.036600001,0.111441668,0.482800007,14612,18146.95801,20379,232,322,141,14.93608758,0.03233021,2801.21689,-72.38496772
Colinus_virginianus,Odontophoridae,182.8125,39.875,348.4375,-0.0186,0.161116675,0.563300014,7746,15698.625,22860,158,307,-3,-1338.524688,0.122433539,-4175.326355,87.66843851
Colinus_nigrogularis,Odontophoridae,13.4375,5.75,31.5625,-0.031800002,0.205316663,0.575100005,13408.5,18028.91602,21109,260,306,205,-1655.197855,0.14464433,1753.102624,-135.475
Colinus_leucopogon,Odontophoridae,447.6875,103.6875,825.3125,-0.041200001,0.145149991,0.50150001,17679.5,19990.5,22863,244,294,195,-849.77946,0.05866536,6554.116087,-116.0553111
Colinus_cristatus,Odontophoridae,207.65625,65.734375,945.625,-0.0447,0.110749997,0.481999993,15748.5,17198.08301,19571.5,258,294,220,-933.8846612,0.031407377,3261.550932,-143.8089745
Odontophorus_gujanensis,Odontophoridae,240,111.3125,624.5625,-0.0166,0.131466672,0.538800001,14999,17276.66602,19357,249,288,212,-1094.436958,0.091463801,2633.596787,-131.1220368
Odontophorus_capueira,Odontophoridae,565.3125,246.46875,845.59375,0,0.091666669,0.62559998,9838,14244.25,18429.5,198.5,271,119,-695.5237544,0.165962726,-3404.03819,-24.57110742
Odontophorus_melanotis,Odontophoridae,635.71875,353.375,836.859375,0,0.105483331,0.37015,16340,19090.54199,22076.5,228,262,203.5,-605.4849254,-0.078491984,4890.948742,-106.9331594
Odontophorus_erythrops,Odontophoridae,817.5625,390.5,1486.625,-0.0163,0.053516667,0.208499998,13077.5,14771.41699,16692,215,248,180,-69.85558234,-0.247878571,-463.0033685,-77.52806965
Odontophorus_hyperythrus,Odontophoridae,1932.875,1663.59375,2269.40625,0,0.110466667,0.388200015,15245,16622.75,18052,169,203,138,1724.513407,-0.059772226,2428.726818,-8.292814883
Odontophorus_melanonotus,Odontophoridae,1683.375,1375.5,1984.875,-0.0094,0.05655833,0.244599998,13819.5,15076.70801,16632.5,175,211,140,1252.366409,-0.21213811,326.485704,-14.99162288
Odontophorus_speciosus,Odontophoridae,1529.96875,1128.84375,2006.234375,0,0.094762497,0.417099997,12317,13899.8335,15790.5,187.5,237,126,1050.689146,-0.035548841,-1618.262752,-16.33267389
Odontophorus_strophium,Odontophoridae,1991.125,1446.375,2170.34375,-0.038400002,0.08623334,0.406800002,15346,16845.91602,18737,165,211,124,1585.907807,-0.047510871,2677.049125,3.311133774
Odontophorus_columbianus,Odontophoridae,1424.40625,1061.65625,1765.984375,0,0.175100014,0.697750002,15562,17679.79199,20438.5,188.5,227,152.5,803.0294732,0.2562075,3400.848124,-36.1315004
Odontophorus_leucolaemus,Odontophoridae,1376.625,1140.609375,1617.703125,-0.030200001,0.06405,0.298300013,16518,19074.70801,21804,186,223.5,160,721.4796701,-0.158171566,5017.35026,-40.12615186
Odontophorus_balliviani,Odontophoridae,2521.125,2112.53125,2938.1875,0,0.037949998,0.211099997,13237,14440.25,16170,136,179,66,2719.515512,-0.249177633,-526.0918633,73.66227145
Odontophorus_stellatus,Odontophoridae,246,198.125,340.5625,0,0.147041664,0.60799998,12736,14507.5,16455,252,297,192,-1226.119504,0.162331183,-906.6695744,-118.4833866
Odontophorus_guttatus,Odontophoridae,1058.875,322.25,1659.875,-0.0082,0.131204173,0.556649983,15483,18626.20801,21365,206,261,157,146.397549,0.108694178,3866.056073,-57.16779672
Dactylortyx_thoracicus,Odontophoridae,1381.1875,391.8125,1926.375,-0.0126,0.13971667,0.542750001,14643,18138.08398,21318,192,258,122.5,538.9609882,0.097287842,2893.794456,-20.90363122
Cyrtonyx_montezumae,Odontophoridae,1631.09375,1397.359375,1971.296875,-0.01225,0.114316665,0.378800005,11372.5,19280.45801,27126,160,315,3,1224.225648,-0.067924499,1049.147571,79.77151688
Cyrtonyx_ocellatus,Odontophoridae,1647.9375,1253.03125,2256.984375,-0.0234,0.1074875,0.457350001,15860.5,19267.95898,22285,176.5,237,114.5,1341.181547,0.006647178,4577.418196,-1.196489584
Rhynchortyx_cinctus,Odontophoridae,197,64.28125,524.46875,0,0.101341665,0.358700007,15645,18623.16602,21496,250,280,213.5,-1206.705906,-0.090604837,4014.942641,-130.9276617
Meleagris_gallopavo,Phasianidae,246.5625,121.0625,378.6875,-0.021199999,0.149708331,0.626600027,5076,13404.33301,21556,103,276,-62,-1240.835744,0.181077515,-7716.522376,172.1061918
Meleagris_ocellata,Phasianidae,150.0625,24.125,251.46875,0.0101,0.293150008,0.707599998,14196,18383.66602,21421,251,305,192,-1426.933439,0.294392482,2634.073399,-119.9064947
Bonasa_umbellus,Phasianidae,318,190.875,512.5625,-0.030200001,0.126883343,0.664300025,3854,12525.08301,20987,64,243,-113,-1079.002863,0.212132638,-9251.31573,242.1623536
Tetrastes_bonasia,Phasianidae,161,65.9375,301.625,-0.043499999,0.077858336,0.589600027,650,9229.333008,19754,48,201,-85,-1367.639103,0.127801333,-13742.41794,237.7393936
Tetrastes_sewerzowi,Phasianidae,3304.9375,2791.015625,3681.796875,-0.0078,0.114770837,0.475950003,8140.5,13081.5,17939.5,30,163.5,-133,3992.950774,0.026418051,-5484.854071,295.5187105
Falcipennis_falcipennis,Phasianidae,517.09375,46.71875,796.1875,-0.043450002,0.101804167,0.572050005,3097,11939.5835,20727,-10,199.5,-268,-856.3672924,0.116588881,-10215.23148,418.1474633
Falcipennis_canadensis,Phasianidae,327.9375,195.5625,463.46875,-0.037500001,0.091449998,0.572399974,3275,12070.875,20570,26.5,219,-186,-1101.783221,0.114399426,-10007.97904,327.2749168
Tetrao_urogallus,Phasianidae,220,115.75,393,-0.044,0.068041667,0.560400009,691,9184.083008,19429,47,196,-79,-1250.07748,0.097093145,-13753.28614,234.5582976
Tetrao_urogalloides,Phasianidae,339.75,157.8125,796.8125,-0.048799999,0.073749997,0.494300008,2289,11005.5,21006,-38,198,-295,-903.6073163,0.034368612,-11354.36825,455.1784784
Lyrurus_tetrix,Phasianidae,190.125,73.625,367.1875,-0.041299999,0.068341665,0.556699991,717,9170.333008,19432,51,195,-75,-1305.271983,0.09356958,-13737.2464,229.4460098
Lyrurus_mlokosiewiczi,Phasianidae,1955.46875,1449.4375,2264.875,-0.0056,0.074075002,0.409999996,5389.5,13700.5415,21770,33.5,184,-111,1626.216851,-0.047443614,-7283.019664,270.7003381
Centrocercus_urophasianus,Phasianidae,1823.3125,1370.875,2141.46875,-0.025699999,0.092291661,0.354900002,5521,15747.33301,25859,73,282,-98,1430.937952,-0.096420907,-5858.980846,215.7275455
Centrocercus_minimus,Phasianidae,2514.25,2346.03125,2617.21875,-0.059799999,0.074908331,0.370900005,7859,17003,26616,49,239,-124,2631.393406,-0.085030189,-3156.698919,259.9388358
Dendragapus_obscurus,Phasianidae,1977.09375,1298.609375,2565.390625,-0.031300001,0.091500007,0.451499999,4614,14525.8335,24697,46,241,-111,1752.03771,-0.002888082,-7332.630263,250.3630126
Dendragapus_fuliginosus,Phasianidae,902.25,278.5,1593.625,-0.0118,0.166099995,0.605199993,3303,12652.25,23054,75,225,-39,-9.487919366,0.164272071,-9512.977099,180.20011
Tympanuchus_phasianellus,Phasianidae,606.875,343,888.921875,-0.027899999,0.114775002,0.533800006,3502,13174.0835,23124.5,50,258,-151,-594.8062057,0.082591064,-9078.778468,276.9224089
Tympanuchus_pallidicinctus,Phasianidae,951.625,786.078125,1235.515625,0,0.139233328,0.383149996,8767,17323.91699,26104.5,142.5,328,-46,51.03860052,-0.05768823,-2249.163919,125.8466601
Tympanuchus_cupido,Phasianidae,472.3125,323.6875,796.875,-0.0244,0.123849995,0.559000015,6461,15056.33301,23846,104,309,-85,-741.6319443,0.109231025,-5532.490313,182.4133569
Lagopus_leucura,Phasianidae,2109.125,1406.0625,3429.65625,-0.040399998,0.058200002,0.33160001,3061,12433.41699,22243,-10,166,-160,2429.535849,-0.127261104,-9890.951911,337.8138821
Lagopus_muta,Phasianidae,788.125,277.375,1153.9375,-0.03225,0.045150001,0.349600002,550,8393.166992,17952,2,141,-116,-354.5266206,-0.112988649,-14374.15218,301.6065672
Lagopus_lagopus,Phasianidae,462.8125,198.1875,779.71875,-0.034899998,0.054133337,0.468199998,514,8490.083008,18297,11,158,-110,-821.7265175,0.004251206,-14332.08506,287.8866795
Lerwa_lerwa,Phasianidae,3711.875,3179.8125,4215.3125,-0.023499999,0.031533334,0.139799997,11689,16519.83398,22045,30,141,-125,4765.706391,-0.319841066,-410.5078736,294.4294098
Tetraophasis_obscurus,Phasianidae,3319.46875,2830.921875,3960.359375,0,0.109816667,0.441799998,7907.5,12897.5,16920.5,24.5,153,-122.5,4197.555379,-0.007933379,-5853.426472,292.3253671
Tetraophasis_szechenyii,Phasianidae,3888.1875,3296.34375,4059.921875,0,0.061945835,0.387550011,10519.5,15255.16699,19770.5,27,159,-133.5,4830.177468,-0.072180958,-2216.160129,298.5799577
Tetraogallus_caspius,Phasianidae,2025.75,1549.578125,2615.4375,-0.0407,0.081516664,0.344349995,7176.5,16548.75,25523,64,236.5,-95.5,1939.536675,-0.109231735,-4053.631344,229.4056062
Tetraogallus_himalayensis,Phasianidae,3267.375,2863.8125,4212.5625,-0.0414,0.02895,0.137199998,7890,16149.33301,23291,0,152,-173,4342.884133,-0.322943642,-3796.902913,346.6664189
Tetraogallus_tibetanus,Phasianidae,4418.96875,4008.390625,4922.859375,-0.0172,0.023591667,0.09025,11970.5,16586.5,21900.5,-7.5,121,-164,6047.556858,-0.369853106,-144.219208,350.7193215
Tetraogallus_altaicus,Phasianidae,2593.90625,2293.109375,2771.9375,-0.028900001,0.054091666,0.241750002,3978.5,13152.0415,22195,-62.5,153.5,-289,2748.913399,-0.215450707,-8745.333998,473.8008718
Alectoris_graeca,Phasianidae,1059.875,336.796875,1705.390625,-0.011,0.126029164,0.53035,5096,14175.625,23815,79,224,-49,183.0963194,0.081932019,-7151.99641,186.555998
Alectoris_chukar,Phasianidae,866.25,344.78125,1531.3125,-0.0167,0.103408337,0.337700009,7012.5,16610.25,26918,115,302,-32,-36.29550023,-0.110431378,-4061.747195,134.9821162
Alectoris_magna,Phasianidae,2942.3125,2441.0625,3445.5,-0.00605,0.067283332,0.28475,9006,16076,21920,26,203,-187,3453.503804,-0.170594437,-2966.502914,332.239356
Alectoris_philbyi,Phasianidae,2272.5,2192.90625,2532.09375,-0.0151,0.061108332,0.163499996,15811,20251.58398,23168,174,284,63,2358.156226,-0.289692772,5083.256345,30.87551272
Alectoris_barbara,Phasianidae,260.125,67.25,757.5625,-0.0034,0.063666664,0.217199996,11244.5,18743.16602,26016,187,245,109,-1021.046135,-0.237008644,591.461942,-4.089953513
Alectoris_rufa,Phasianidae,240.5,82.5625,607.6875,-0.0118,0.151508331,0.490700006,5618,15074,25145,135,267,25,-1119.386341,0.049655107,-6158.636484,86.39718379
Alectoris_melanocephala,Phasianidae,475.5625,117.0625,1622.375,-0.0093,0.0557,0.155200005,16298.5,20317,24997.5,250,340,153,-323.5365878,-0.299072471,5674.947112,-95.93927285
Ammoperdix_heyi,Phasianidae,274.25,35.625,472,-0.0175,0.044383332,0.093400002,11271,19797.41602,27279.5,221,368,70,-1209.058624,-0.361749482,1226.318295,-19.67976343
Francolinus_francolinus,Phasianidae,216.28125,44.03125,730.453125,-0.0122,0.103516668,0.365200013,12362,18244.75,24596,209,313,76,-1075.656983,-0.083739443,1210.797646,-5.002867732
Francolinus_pictus,Phasianidae,406.3125,262.65625,596.21875,0,0.08913333,0.243499994,15820,19748.58398,25334,263,385,143,-937.9712338,-0.205322347,5005.632993,-105.430755
Francolinus_pintadeanus,Phasianidae,206.0625,58.0625,558.3125,0,0.101666667,0.425399989,15606,18247.125,21677,238,309,146,-1183.184492,-0.025821179,3809.957558,-76.44156221
Francolinus_pondicerianus,Phasianidae,267.5625,75.125,529.5,-0.0103,0.090166666,0.264400005,15959,19720.5,24927,263,364,156,-1156.640068,-0.184769793,5082.138585,-110.9800956
Francolinus_gularis,Phasianidae,84.3125,76.125,117.71875,0.018999999,0.184599996,0.559899986,14200,17114.33398,20443,244,318,118,-1523.529465,0.124737491,1941.378352,-58.80854972
Peliperdix_lathami,Phasianidae,226.4375,122.90625,667.453125,0,0.19099167,0.540199995,13232.5,15929.9585,18271,250,296,207.5,-1069.435131,0.107227947,358.1218958,-129.8981996
Peliperdix_coqui,Phasianidae,1213.125,912.125,1477.28125,-0.042199999,0.077074997,0.42899999,14328,18857.08398,22762,197,285,78,420.9884894,-0.028188175,3081.096568,6.39391851
Peliperdix_albogularis,Phasianidae,187.1875,116.625,398.0625,0.030300001,0.177191675,0.465799987,14330,18103.58398,20208,275,370,195,-1265.683326,0.031624497,2522.401402,-150.6197321
Peliperdix_schlegelii,Phasianidae,1203.6875,806.8125,1210.90625,0.0038,0.192774996,0.532999992,12844,16851.66602,19901,214,308,142,193.8693646,0.10066629,595.027348,-60.45105054
Scleroptila_streptophora,Phasianidae,1315.6875,1049.4375,1575.3125,-0.0418,0.103758335,0.472499996,15904,17234.66602,19308,207,272,162,612.7099189,0.020486796,3394.830669,-64.45446161
Scleroptila_afra,Phasianidae,1361.53125,513.515625,1684.34375,-0.021299999,0.044574998,0.300099999,11385,19089.5,26569.5,151,258,13,436.4286826,-0.161176114,924.736446,90.0985937
Scleroptila_levaillantii,Phasianidae,1488.8125,1134.5625,1699.625,-0.0396,0.068624996,0.462300003,13227,18769.41602,23910,155,249,23,835.9206533,0.002057744,2168.035383,82.01410859
Scleroptila_finschi,Phasianidae,540.34375,463.921875,879.75,-0.0316,0.129987501,0.437250003,12445,13956.5415,15827.5,234.5,271,188,-578.2476884,-0.007368397,-1476.56056,-99.7994031
Scleroptila_shelleyi,Phasianidae,1006.15625,366.59375,1347.875,-0.0385,0.065124996,0.399599999,13125,17993.75,22203,189,275,75,-58.95230543,-0.059619175,1571.354972,15.43681972
Scleroptila_psilolaema,Phasianidae,3104.5,2609.875,3946.875,-0.0055,0.156366661,0.484699994,15929,19116,20919,119,191,52,3950.774007,0.044997459,4460.391411,91.0500036
Scleroptila_gutturalis,Phasianidae,1447.1875,1321.78125,1551.25,-0.0131,0.091800004,0.485799998,13723,20180.75,26212,166,282,12,812.8692747,0.030411193,3463.175183,77.2951386
Dendroperdix_sephaena,Phasianidae,924.5625,396.25,1148.25,-0.031199999,0.078741662,0.382200003,14428.5,18671.08398,22092.5,215,297,100,-217.7612255,-0.073212368,3027.073658,-23.89488938
Pternistis_squamatus,Phasianidae,1600.96875,1142.40625,1960.453125,-0.022500001,0.125229165,0.494399995,14072,16530.5,19240,196,262,134,1070.318583,0.046893229,1453.905372,-33.37379406
Pternistis_ahantensis,Phasianidae,83,26.84375,174.90625,0,0.173816666,0.488999993,12930,16312.5,18880,264,313,221,-1513.213704,0.053390365,328.8037809,-152.3598879
Pternistis_griseostriatus,Phasianidae,700.5,307.375,865.4375,-0.035599999,0.070950001,0.402999997,13256,15069.91699,17363,222,290,140,-572.796415,-0.054914465,-111.4694116,-58.59860168
Pternistis_hildebrandti,Phasianidae,1632.40625,1152.703125,1883.5625,-0.0278,0.10211667,0.403799996,14804,17347.95801,20069.5,199,274,128,1045.450015,-0.046593221,2552.483044,-32.93184532
Pternistis_bicalcaratus,Phasianidae,62.0625,13.1875,240.875,0.029999999,0.157549992,0.382200003,16135,19380,22487,269,348,192,-1490.785444,-0.054241866,4885.750699,-139.7019822
Pternistis_icterorhynchus,Phasianidae,771.3125,686.9375,1001.375,-0.039999999,0.154558331,0.569400012,16148,18480.25,19723,238,314,192,-252.824427,0.12681494,4249.134576,-115.3369207
Pternistis_clappertoni,Phasianidae,1195.5625,433.34375,1622.84375,0.0241,0.129741669,0.341199994,16752.5,19862.58398,22126.5,230,305,146,259.5762898,-0.100750346,5631.779562,-71.3131786
Pternistis_harwoodi,Phasianidae,2269.375,1590.5,2585.6875,0,0.139899999,0.472000003,15386,19523.08398,21541,171,254,88,2084.419398,0.028665812,4235.346967,19.2407652
Pternistis_swierstrai,Phasianidae,2148.25,1938.125,2258.5625,-0.023800001,0.117616661,0.614899993,15522,16676.33398,18126,150,238,51,1983.321462,0.161944175,2700.981512,64.34715288
Pternistis_camerunensis,Phasianidae,1708.65625,1636.015625,1788.65625,0.068999998,0.165858343,0.347499996,10562,13983.8335,16603.5,159.5,189.5,138.5,1275.557826,-0.085988906,-3039.6699,-0.487570483
Pternistis_nobilis,Phasianidae,2239.25,1860.15625,2386.40625,-0.0209,0.10165,0.517700016,13001,14272.16699,15619,160,216,115,2077.819619,0.063768376,-854.5510943,12.06745805
Pternistis_jacksoni,Phasianidae,2842.3125,2446.1875,3025.375,-0.047699999,0.120225005,0.521399975,12851,15941.83301,19234,129,204,63,3132.269607,0.071936617,104.6404309,73.6860794
Pternistis_castaneicollis,Phasianidae,2984.59375,2074.34375,3599.203125,-0.0373,0.153066665,0.464450002,15942.5,19088.79102,20948,127,199.5,55,3389.20364,0.024635187,4460.912322,82.37136523
Pternistis_ochropectus,Phasianidae,1331.5,1243.78125,1391.203125,-0.0074,0.069249995,0.245299995,17558.5,20891,23215.5,222,327,131.5,604.4076558,-0.208383441,6917.517965,-60.62093071
Pternistis_erckelii,Phasianidae,991,289.34375,1812.625,-0.0396,0.064324997,0.33829999,13548.5,18258.66602,21943,189,230,153,186.3023108,-0.119276822,2049.620256,-37.52941729
Pternistis_hartlaubi,Phasianidae,1190.375,1088.34375,1255.125,0,0.063133337,0.184100002,15833,20176.25,23187,213,317,87,356.8543943,-0.269256848,5066.780256,-17.06345287
Pternistis_adspersus,Phasianidae,1009.1875,944.6875,1148.59375,-0.020300001,0.077266671,0.336400002,16287,20702.25,23587,225,334,88,110.4326237,-0.118028847,5748.929161,-28.24644452
Pternistis_capensis,Phasianidae,201.5,47,600.90625,-0.0067,0.031933334,0.189500004,9915,18668.75,27859,172,267,73,-1164.589786,-0.271574517,-461.5921092,27.85152478
Pternistis_natalensis,Phasianidae,941.4375,400.75,1272.1875,-0.036600001,0.071833335,0.418199986,13638.5,18906.25,23110.5,198,290,63,-127.3504911,-0.039952122,2532.763709,16.94741323
Pternistis_leucoscepus,Phasianidae,1161.875,913.4375,1623.5,-0.00255,0.1130125,0.352850005,14928,17529.66699,20158,221,294,144,483.8883648,-0.093440156,2755.928449,-62.3269639
Pternistis_rufopictus,Phasianidae,1566.28125,1414.46875,1632.0625,-0.032400001,0.125587501,0.515749991,16764.5,18402.25,19904.5,211,286,146,980.7702296,0.06771741,4759.47438,-56.82626953
Pternistis_afer,Phasianidae,954.15625,341.234375,1336.765625,-0.043200001,0.061550003,0.41444999,13334,17570.29199,21562,199,273,116,-109.3342188,-0.046068934,1497.042108,-22.85913847
Pternistis_swainsonii,Phasianidae,1243.25,931.625,1482.8125,-0.028899999,0.084250003,0.451499999,13860,19851.41602,24487.5,181,290,37,452.0455049,-0.004654248,3291.778758,47.07911306
Perdix_perdix,Phasianidae,77.0625,21.75,257.71875,-0.021400001,0.118950002,0.540400028,1876,9882.75,19603,86,210,-10,-1467.010168,0.089990144,-12368.73006,154.3713344
Perdix_dauurica,Phasianidae,1195.125,553.53125,1634.765625,-0.017200001,0.105358332,0.372500002,4973,13922.29199,22063.5,13,239.5,-240,327.8421385,-0.076197711,-7513.761926,373.5460149
Perdix_hodgsoniae,Phasianidae,3975.375,3568.1875,4303.53125,0,0.048333332,0.209800005,9917,15579.5,20598,12,155,-159,5173.046989,-0.247918239,-2518.153032,328.2341934
Rhizothera_longirostris,Phasianidae,153,31.5625,768.65625,-0.03305,0.098241664,0.438449994,13197.5,15717,17732,257.5,290.5,218,-1094.987386,-0.013906648,182.9854077,-141.0609035
Margaroperdix_madagarensis,Phasianidae,891.8125,219.15625,1238.625,-0.0195,0.064058334,0.347650006,13910,18731.58398,22904,200.5,256.5,117.5,-269.8036327,-0.110323709,2667.257057,-20.86042086
Melanoperdix_niger,Phasianidae,21.125,10.625,48.375,-0.021600001,0.072791666,0.409999996,13354,16044.91699,18216,265.5,298.5,234.5,-1637.602746,-0.04771336,515.9217072,-160.676719
Coturnix_coturnix,Phasianidae,151.125,33.8125,530,-0.1,0.1794429,0.9939,2657,15998.25,30266,167,274,66,-1245.584899,0.544813997,-7892.978967,34.48385445
Coturnix_japonica,Phasianidae,22.3125,2.421875,255.578125,-0.0967,0.05458,0.7888,4797,11259.4,23143,198,262,18,-1510.282986,0.315530797,-8893.47462,60.60897981
Coturnix_delegorguei,Phasianidae,969.96875,373.453125,1340.390625,-0.035799999,0.082824998,0.393749997,14199,18201.75,21580,214,294,109,-81.42007485,-0.061004653,2559.215871,-30.01913541
Coturnix_pectoralis,Phasianidae,139.875,57.25,303.125,-0.0096,0.05395833,0.266100004,8048.5,17354.5,26213.5,159,271,63,-1383.491724,-0.191911854,-2849.653059,41.82686241
Coturnix_novaezelandiae,Phasianidae,7.0625,2.28125,32.3125,-0.021,0.049866665,0.41080001,6389,14190.25,23642,136.5,199.5,81,-1660.224011,-0.052503765,-6035.436645,56.13686795
Coturnix_ypsilophora,Phasianidae,102.90625,19.625,283.75,-0.0217,0.046895834,0.313150004,10780.5,17968.33398,24708,192,283,96,-1436.499713,-0.147952063,-289.2567355,-5.267060108
Excalfactoria_chinensis,Phasianidae,41.21875,10.578125,172.8125,-0.0196,0.056425001,0.404599994,11977,17533.66602,24077,207,281,121,-1547.296156,-0.056929972,488.7892029,-33.05466672
Perdicula_asiatica,Phasianidae,454.9375,253.1875,701.125,-0.0043,0.099166669,0.275350004,15921.5,19677.16602,24828,257,355,150,-848.0402242,-0.171978309,5020.93013,-100.761824
Perdicula_erythrorhyncha,Phasianidae,1452.75,1005.40625,1820.09375,-0.056000002,0.094616674,0.395599991,16503,19529.91602,23709,196,270,128,825.2597038,-0.056294889,5369.902763,-30.40159673
Xenoperdix_udzungwensis,Phasianidae,1455.6875,1443.875,1690.3125,0,0.126874998,0.582300007,13899,16566.25,19704,183,253,106,967.5957456,0.13250463,1355.903744,-1.496714398
Xenoperdix_obscuratus,Phasianidae,1936.1875,1915.09375,1957.28125,-0.088649999,0.135266662,0.688699991,14400,16679.5,19541,162,232.5,84.5,1657.084033,0.237990344,1834.203727,32.0055529
Arborophila_torqueola,Phasianidae,2168.40625,1777.203125,2641.640625,-0.00415,0.094466664,0.405099988,12349,16641.83301,21234.5,117.5,217,-33,2155.271502,-0.047250866,161.805979,155.143765
Arborophila_rufogularis,Phasianidae,1494.8125,1144.625,1923.375,0,0.113833338,0.509299994,13492.5,16710.5,20360,168.5,247.5,41.5,985.7775883,0.058522495,1122.823207,60.20903172
Arborophila_atrogularis,Phasianidae,340.6875,154.5,703.4375,0,0.193633333,0.613600016,14103,16788.41602,20183,232,303,103,-963.676852,0.179073581,1677.772787,-36.64306607
Arborophila_crudigularis,Phasianidae,650.34375,287.75,1193.40625,0,0.051779166,0.224299997,10590.5,15501.54199,20718,198,279,104,-405.1606946,-0.233015532,-1962.904992,-13.96669787
Arborophila_brunneopectus,Phasianidae,1048.6875,597.328125,1373.359375,-0.02055,0.112224996,0.486600012,14640,17853.95801,22017.5,212,279.5,129,99.18103555,0.036164785,2803.853744,-41.84178221
Arborophila_rufipectus,Phasianidae,1387.625,1206.25,1679.4375,0,0.138941661,0.635200024,6452,11455.66699,15509,126,254,-8,800.211983,0.186751352,-7929.944287,121.2629001
Arborophila_gingica,Phasianidae,768.5625,477.9375,885.6875,0,0.130533338,0.555700004,9712,14428.66699,21277,173,299,26,-433.530613,0.107588363,-3210.497274,58.0612616
Arborophila_javanica,Phasianidae,1470.9375,1110.40625,1841.75,-0.073799998,0.00465,0.0973,13527,15685.08301,18365,186,223,152,902.8859877,-0.367464196,500.5165967,-33.45148761
Arborophila_ardens,Phasianidae,822.5,490.8125,940.125,0.0196,0.204375014,0.56190002,13246,17131.91602,20516,207,253,136,-360.9996681,0.13147641,1127.414949,-38.54242491
Arborophila_charltonii,Phasianidae,133.25,103.21875,154.46875,-0.0219,0.161300004,0.59009999,15105,17665.58398,20855,264,308,225,-1457.879211,0.148484958,3028.272642,-154.4223001
Arborophila_chloropus,Phasianidae,384.625,162.234375,732.28125,0,0.134470828,0.539099991,16402,18452.33301,22065.5,253.5,311,187.5,-915.7748862,0.092440716,4630.587392,-118.9764142
Caloperdix_oculeus,Phasianidae,531.4375,247.96875,984,0,0.152416661,0.543200016,14756.5,16622.08398,18667.5,239.5,287.5,189,-627.2690827,0.100774351,2050.30018,-107.2235848
Haematortyx_sanguiniceps,Phasianidae,1331.6875,1048.375,1706.03125,-0.0013,0.13470833,0.495900005,14313,16531,18598,193,229,159,704.0646934,0.050594031,1615.452475,-44.2800159
Rollulus_rouloul,Phasianidae,145.9375,43.875,465.75,-0.0209,0.133524999,0.502099991,14155,16480.08398,18503.5,261,292,221,-1284.075161,0.056372484,1446.266926,-145.7013271
Bambusicola_fytchii,Phasianidae,1516.375,1248.34375,1839.9375,0,0.153825,0.557399988,14194,16832.58398,20826,180,255,62,998.3980208,0.114891421,1826.396744,35.619321
Bambusicola_thoracicus,Phasianidae,169.34375,39.390625,534.0625,0,0.09995833,0.42719999,8329.5,13328.375,18350,157,297,9,-1229.503886,-0.024489711,-5168.981152,80.78661949
Galloperdix_spadicea,Phasianidae,352.5,72.875,754.953125,-0.0176,0.1017875,0.345400006,16326,19526.375,24283,263,330,186,-965.6580769,-0.103352813,5257.341182,-127.2981336
Galloperdix_lunulata,Phasianidae,445.875,328.9375,580.3125,0,0.114141665,0.281399995,16347,19507.75,25043,259,383,149,-891.1678742,-0.16248542,5323.102184,-107.7814956
Ithaginis_cruentus,Phasianidae,3356.75,2746.375,3704.5625,-0.018300001,0.087341666,0.403800011,12270,16101.41699,20100,54,161,-81,4015.053842,-0.050204565,-256.71029,241.0586856
Tragopan_satyra,Phasianidae,2776.625,2337.484375,3238.28125,-0.02385,0.090974994,0.440400004,12487.5,16427.91602,20237.5,88,181,-45,3172.959674,-0.013802936,102.6348849,189.0449347
Tragopan_blythii,Phasianidae,2070.25,1471.875,2462.6875,0,0.110574998,0.606400013,12891,15815.25,19491,132,213,7,1829.78558,0.151926988,96.37421538,115.8143245
Tragopan_temminckii,Phasianidae,2175.90625,1598.96875,2675.578125,0,0.101666667,0.596100003,7202,12143.95801,16348.5,94,207.5,-41,2090.634543,0.139772636,-6878.417291,176.2152409
Tragopan_caboti,Phasianidae,787.21875,610.703125,1029.828125,0,0.13333334,0.521299988,9572,14216.375,21363.5,165.5,301,14,-264.2257584,0.074897051,-3429.795179,71.30264531
Pucrasia_macrolopha,Phasianidae,2270.65625,1754.671875,2816.375,-0.0045,0.076491669,0.372999996,10619.5,16717.125,23596,95,220,-69.5,2314.100962,-0.082753062,-1126.26131,196.0060195
Lophophorus_impejanus,Phasianidae,2942.34375,2370,3439.53125,-0.0285,0.052991666,0.29095,11676.5,16584.29199,23180,69,180,-84,3413.689132,-0.167990506,-305.0644113,231.1077508
Lophophorus_sclateri,Phasianidae,2118,1865.125,2785.84375,0,0.101991661,0.543900013,12446,15159.33301,18489,121,214,-15,2261.349852,0.08921301,-686.6463456,139.3087987
Lophophorus_lhuysii,Phasianidae,3092.6875,2283.4375,3338.25,0,0.066183336,0.407700002,7632,12109.83301,16076,45,161,-93,3394.008857,-0.051605089,-6542.268917,255.5651936
Gallus_gallus,Phasianidae,156.125,34.875,485.1875,-0.0059,0.103275001,0.412200004,13864.5,17976.41602,21953,247,292,200,-1270.398658,-0.038220489,2186.06123,-121.2242854
Gallus_sonneratii,Phasianidae,647.1875,255,945.796875,-0.0153,0.104449995,0.357499987,16465,19697.33398,24251,245,322,170,-579.9240464,-0.090974481,5459.541419,-102.8956258
Gallus_lafayettii,Phasianidae,110.6875,42.125,564,-0.039099999,0.117325,0.484699994,16803,19040.16602,22317,268,302,223,-1243.622999,0.035608037,5286.018861,-153.4054459
Gallus_varius,Phasianidae,186.75,23.3125,710.1875,-0.025800001,0.044541668,0.282400012,15657,17742.83398,21514,261.5,285,233,-1116.284617,-0.178342977,3594.465419,-154.0911123
Lophura_leucomelanos,Phasianidae,1378,663.53125,1904.96875,-0.0196,0.089183331,0.399500012,12981.5,17391.25,21733,162,247,40,661.4821011,-0.053925488,1115.928498,64.93676132
Lophura_nycthemera,Phasianidae,911.9375,506.1875,1347.3125,0,0.13333334,0.509000003,13478,17131.91602,21024,198,283,98,-43.7226621,0.062964999,1366.668245,-10.02313297
Lophura_edwardsi,Phasianidae,8.0625,8.0625,8.0625,-0.0185,0.116674997,0.422100008,14282,17961.75,21361,261,322,189,-1672.009981,-0.02533095,2497.086901,-126.7736107
Lophura_swinhoii,Phasianidae,978.15625,513.21875,1646.328125,0,0.054145833,0.218900003,10654,15436.29199,20424,181,260,86,187.4233175,-0.237679498,-1961.751879,14.22575462
Lophura_inornata,Phasianidae,1516.625,1429.34375,2142.28125,-0.0526,0.067524999,0.489600003,13108,15022.66699,16044,173,209,141,1281.244699,0.028308037,-361.4946756,-14.2858405
Lophura_erythrophthalma,Phasianidae,143.875,84.75,194.8125,0,0.102683336,0.443500012,12889,16444.25,19278,262,306,218,-1435.555654,-0.008015796,387.5868186,-147.1632744
Lophura_ignita,Phasianidae,60.03125,16.328125,266.578125,-0.01335,0.175258338,0.602899998,14843,17192.20801,18924,264,293.5,231.5,-1474.159101,0.164268062,2424.434085,-156.2256028
Lophura_diardi,Phasianidae,178.28125,120.71875,509.234375,0,0.14463333,0.503800005,16930.5,18862.25,22127,264.5,321.5,199,-1198.657789,0.060663562,5295.159815,-136.6624384
Lophura_bulweri,Phasianidae,355.28125,180.59375,704.734375,-0.043400001,0.166125,0.630699992,14909,17001.83301,18875,240,277,205,-941.0555979,0.189097861,2384.593182,-118.040045
Crossoptilon_crossoptilon,Phasianidae,3999.1875,3778.328125,4130.46875,0,0.051191665,0.204350002,10498.5,15295.3335,19825.5,19.5,156,-145,5184.426918,-0.252511369,-2210.564301,312.6259732
Crossoptilon_harmani,Phasianidae,4348.15625,4209.578125,4608.328125,0,0.066704165,0.243300006,12447,17191.875,21932,26.5,152.5,-136.5,5909.597928,-0.210960912,568.9497917,302.8757098
Crossoptilon_mantchuricum,Phasianidae,1017.625,779.75,1242.9375,0,0.080958329,0.356700003,8449.5,15698.2085,23071.5,97,281.5,-117,91.22233376,-0.09749296,-3549.143342,218.9418712
Crossoptilon_auritum,Phasianidae,3134.9375,2717.3125,3426.4375,0,0.116141669,0.52700001,8144,13430.5,18194,31,174,-141,3694.653029,0.07625338,-5291.48048,299.0024869
Catreus_wallichii,Phasianidae,2058.25,1667.25,2327.4375,-0.0241,0.081695836,0.398800001,11794.5,17274.95801,24115,118,240,-46.5,1836.533962,-0.056410359,206.1958858,160.357186
Syrmaticus_ellioti,Phasianidae,774.3125,426.21875,898.28125,0,0.134499997,0.550499976,9745,14491.9585,21827,171,301,20,-448.4571421,0.103506771,-3109.761535,63.5297643
Syrmaticus_humiae,Phasianidae,1448.75,1186.15625,1648.78125,-0.0285,0.121266663,0.509500027,14703,17692.33398,22168,191,277,86,806.5152038,0.06059536,2790.403495,4.901172384
Syrmaticus_mikado,Phasianidae,2087.0625,1636.3125,2432.75,0,0.060399998,0.285100013,10084,14859.75,19940,120,200,31,1904.205072,-0.171941584,-2775.665033,105.5470632
Syrmaticus_soemmerringii,Phasianidae,385.9375,77.90625,656.5625,0,0.08449167,0.460399985,7168,12872.75,18134,121,268.5,-15.5,-1005.596783,0.003962714,-6416.940786,126.4834932
Syrmaticus_reevesii,Phasianidae,129.3125,86.96875,181.28125,-0.00395,0.177824989,0.670599997,2618,11330.16699,19831,109,236,8,-1451.511795,0.230541428,-10997.02644,121.3612266
Phasianus_colchicus,Phasianidae,110.4375,27.9375,312.5,-0.0195,0.123774998,0.548699975,2597,10820.7085,20473,97,228,-17,-1409.71671,0.099208093,-11217.51499,150.0183712
Phasianus_versicolor,Phasianidae,46.3125,6.75,216.75,0,0.083750002,0.4278,5522,12458.83301,18191,141.5,281,4.5,-1518.518059,-0.027842134,-8044.592495,96.41250772
Chrysolophus_pictus,Phasianidae,51.03125,23.34375,785.125,-0.0264,0.096037503,0.482950002,1976,9809.75,17980,102,198,23,-1148.57077,0.028709807,-12438.81399,121.9392764
Chrysolophus_amherstiae,Phasianidae,1734.9375,145.3125,2593.25,-0.021199999,0.097583331,0.513249993,6939.5,11675.5,18063.5,101,209,-2,1042.272259,0.058465089,-7208.367929,140.2665279
Polyplectron_chalcurum,Phasianidae,1402.875,970.3125,1695.03125,-0.0427,0.075758331,0.373500004,13214,15329.83301,16838,187,220,157,699.2566327,-0.082346281,-59.46040499,-37.338366
Polyplectron_inopinatum,Phasianidae,958.71875,764.953125,1226.03125,0,0.126754168,0.543200016,12210,15201.2915,17519.5,215,253,174.5,38.49140717,0.094544918,-943.1874831,-74.23692435
Polyplectron_germaini,Phasianidae,163.3125,135.71875,395.4375,0,0.125624999,0.458999991,16555,18497.5,21534,265,323,203,-1271.653093,0.012589493,4745.925272,-140.5631364
Polyplectron_bicalcaratum,Phasianidae,535.96875,272.265625,997.671875,0,0.162433341,0.624300003,14195,16950.625,21020,228,296,104,-603.6505965,0.181879865,1899.689713,-33.68382021
Polyplectron_katsumatae,Phasianidae,944.125,944.125,944.125,0.0196,0.204375014,0.56190002,13192,17056.58398,20334,200,246,135,-57.07424022,0.13147641,1029.984402,-32.38598721
Polyplectron_malacense,Phasianidae,127.8125,86.25,199.9375,0,0.122491665,0.495299995,12840,16518.66602,19318,263,306,218,-1440.980547,0.047043044,384.5771336,-147.6829014
Polyplectron_schleiermacheri,Phasianidae,52,18.390625,68.8125,-0.045899998,0.181041665,0.614300013,14767.5,16893.625,18070,263.5,288,242,-1602.652432,0.176815927,2148.612365,-163.2312907
Polyplectron_napoleonis,Phasianidae,141,34.0625,404.6875,-0.0146,0.134475008,0.582400024,14559,16693.75,20314,271,287.5,258.5,-1330.493772,0.134484639,2036.854953,-180.5231366
Rheinardia_ocellata,Phasianidae,175.125,95.4375,1285.25,-0.0185,0.091624998,0.300799996,14231,17960.91602,21112,244,306,165,-723.5190753,-0.149083232,2433.841489,-94.39475141
Argusianus_argus,Phasianidae,168.6875,70.6875,324.0625,-0.0101,0.141616657,0.530700028,14211,16555.16602,18823,260,295,220.5,-1346.556937,0.086053007,1555.564976,-145.5006481
Pavo_cristatus,Phasianidae,227.6875,63.75,520.125,-0.0163,0.093424998,0.306499988,16048,19450.91602,24473,258,344,158,-1191.718293,-0.14312255,4993.166381,-105.1634335
Pavo_muticus,Phasianidae,138.78125,55.609375,345.59375,-0.015699999,0.096312497,0.390399992,15918,18364.25,22189,267,324,200,-1358.159632,-0.061032913,4176.453823,-139.3877661
Afropavo_congensis,Phasianidae,751.78125,638.65625,1110.140625,0,0.15541666,0.54460001,13885,15207.5835,16409.5,222,265,190.5,-220.1308272,0.1028607,430.9655788,-93.8949027