Species,Female,Male,Dimor,SizeChange,ParentalCare,Plumage_dim_sum,MatingSystem,BSD,Altitude_PC1,NDVI_PC1,Solar_PC1,Temp_PC1,NDVI,Solar,Temp,Altitude,group,erect,outlier
Alectura_lathami,2,5,3,1.5,0,0,nonM,0.1667,-1401.979544,-0.024417047,129.7626303,-14.18190056,-0.024417047,129.7626303,14.18190056,-1401.979544,non-Phasianidae,non-erectile,non-Phasianidae
Aepypodius_arfakianus,4,5,1,1,0,0,nonM,0.0333,913.1295634,-0.128805879,1679.715051,-26.98485391,-0.128805879,1679.715051,26.98485391,913.1295634,non-Phasianidae,non-erectile,non-Phasianidae
Aepypodius_bruijnii,4,5,1,1,0,0,nonM,0.1785247,-1507.897844,0.163985454,2242.405288,-169.7738664,0.163985454,2242.405288,169.7738664,-1507.897844,non-Phasianidae,non-erectile,non-Phasianidae
Talegalla_fuscirostris,2,2,0,1,0,0,M,0.0579,-1602.441109,0.032209454,2837.542269,-149.0006921,0.032209454,2837.542269,149.0006921,-1602.441109,non-Phasianidae,non-erectile,non-Phasianidae
Talegalla_jobiensis,2,2,0,1,0,0,M,0.1824,-1318.647174,0.007083018,2101.69327,-153.8312988,0.007083018,2101.69327,153.8312988,-1318.647174,non-Phasianidae,non-erectile,non-Phasianidae
Leipoa_ocellata,0,0,0,0,0,0,M,0.1306,-1490.581847,-0.177334889,-1960.944224,32.28848559,-0.177334889,-1960.944224,-32.28848559,-1490.581847,non-Phasianidae,No_FS,non-Phasianidae
Macrocephalon_maleo,3,3,0,1,0,0,M,-0.0596,-1333.778287,-0.04788462,3774.740048,-155.2470631,-0.04788462,3774.740048,155.2470631,-1333.778287,non-Phasianidae,non-erectile,non-Phasianidae
Eulipoa_wallacei,0,0,0,0,0,0,M,0.02,-1484.926072,-0.041777053,2724.991612,-164.8080191,-0.041777053,2724.991612,164.8080191,-1484.926072,non-Phasianidae,No_FS,non-Phasianidae
Megapodius_pritchardii,1,1,0,1,0,0,M,-0.1358,-1642.85813,-0.328836979,-204.3005529,-166.965957,-0.328836979,-204.3005529,166.965957,-1642.85813,non-Phasianidae,non-erectile,non-Phasianidae
Megapodius_laperouse,1,1,0,1,0,0,M,-0.338,-1640.264883,-0.328836979,2197.120514,-187.8047339,-0.328836979,2197.120514,187.8047339,-1640.264883,non-Phasianidae,non-erectile,non-Phasianidae
Megapodius_cumingii,1,1,0,1,0,0,M,0.19527411,-1555.756342,-0.076938659,2513.941866,-177.5824346,-0.076938659,2513.941866,177.5824346,-1555.756342,non-Phasianidae,non-erectile,non-Phasianidae
Megapodius_bernsteinii,1,1,0,1,0,0,M,0.13989194,-1356.92087,0.148004489,3441.387369,-168.5645529,0.148004489,3441.387369,168.5645529,-1356.92087,non-Phasianidae,non-erectile,non-Phasianidae
Megapodius_tenimberensis,1,1,0,1,0,0,M,0.19527411,-1603.632369,-0.237276908,4452.554961,-173.4955812,-0.237276908,4452.554961,173.4955812,-1603.632369,non-Phasianidae,non-erectile,non-Phasianidae
Megapodius_freycinet,1,1,0,1,0,0,M,0.0349,-1529.644543,0.000366467,2645.718941,-170.2028637,0.000366467,2645.718941,170.2028637,-1529.644543,non-Phasianidae,non-erectile,non-Phasianidae
Megapodius_geelvinkianus,1,1,0,1,0,0,M,0.13989194,-1557.504952,0.005549984,4621.77788,-178.2583015,0.005549984,4621.77788,178.2583015,-1557.504952,non-Phasianidae,non-erectile,non-Phasianidae
Megapodius_eremita,1,1,0,1,0,0,M,0.104,-1590.072692,-0.115074367,5904.46415,-171.8605941,-0.115074367,5904.46415,171.8605941,-1590.072692,non-Phasianidae,non-erectile,non-Phasianidae
Megapodius_layardi,2,2,0,1,0,0,M,0.13938776,-1557.299774,0.235045214,2565.269283,-153.3295192,0.235045214,2565.269283,153.3295192,-1557.299774,non-Phasianidae,non-erectile,non-Phasianidae
Megapodius_decollatus,1,1,0,1,0,0,M,0.1514,-714.1736653,-0.033287598,1498.169669,-138.9136409,-0.033287598,1498.169669,138.9136409,-714.1736653,non-Phasianidae,non-erectile,non-Phasianidae
Megapodius_reinwardt,0,0,0,0,0,0,M,0.2365,-1596.974504,-0.173900223,4389.294846,-122.7992622,-0.173900223,4389.294846,122.7992622,-1596.974504,non-Phasianidae,No_FS,non-Phasianidae
Ortalis_vetula,1,1,0,1,2,0,M,0.0775,-1411.043012,0.109145244,2186.164777,-116.6865596,0.109145244,2186.164777,116.6865596,-1411.043012,non-Phasianidae,non-erectile,non-Phasianidae
Ortalis_cinereiceps,1,1,0,1,2,0,M,0.0851,-911.2854805,-0.052596069,5303.744207,-132.5920396,-0.052596069,5303.744207,132.5920396,-911.2854805,non-Phasianidae,non-erectile,non-Phasianidae
Ortalis_garrula,1,1,0,1,1,0,M,0.1984,-1585.478749,-0.072433262,5589.444586,-164.5125109,-0.072433262,5589.444586,164.5125109,-1585.478749,non-Phasianidae,non-erectile,non-Phasianidae
Ortalis_ruficauda,1,1,0,1,2,0,M,0.1918,-883.7456649,0.115917909,3575.212706,-136.4544231,0.115917909,3575.212706,136.4544231,-883.7456649,non-Phasianidae,non-erectile,non-Phasianidae
Ortalis_erythroptera,2,2,0,1,2,0,M,0.0403,-991.5366988,-0.258598391,-2107.587107,-96.489714,-0.258598391,-2107.587107,96.489714,-991.5366988,non-Phasianidae,non-erectile,non-Phasianidae
Ortalis_wagleri,2,2,0,1,2,0,M,0.0119,-1396.832134,-0.079253077,1386.360134,-98.48388101,-0.079253077,1386.360134,98.48388101,-1396.832134,non-Phasianidae,non-erectile,non-Phasianidae
Ortalis_poliocephala,2,2,0,1,2,0,M,0.1331,-847.2135954,0.044391813,2924.79723,-118.4137486,0.044391813,2924.79723,118.4137486,-847.2135954,non-Phasianidae,non-erectile,non-Phasianidae
Ortalis_canicollis,2,2,0,1,2,0,M,0.0635,-1258.122193,0.076199282,-1244.719028,-54.62423792,0.076199282,-1244.719028,54.62423792,-1258.122193,non-Phasianidae,non-erectile,non-Phasianidae
Ortalis_leucogastra,2,2,0,1,1,0,M,-0.2161,-1198.374391,0.022412785,5986.487523,-153.0541269,0.022412785,5986.487523,153.0541269,-1198.374391,non-Phasianidae,non-erectile,non-Phasianidae
Ortalis_guttata,1,1,0,1,2,0,M,0.2,-907.8418304,0.091853735,-1194.796528,-114.0558894,0.091853735,-1194.796528,114.0558894,-907.8418304,non-Phasianidae,non-erectile,non-Phasianidae
Ortalis_motmot,1,1,0,1,2,0,M,0.0697,-1496.050264,0.182098327,2236.115049,-150.0903286,0.182098327,2236.115049,150.0903286,-1496.050264,non-Phasianidae,non-erectile,non-Phasianidae
Penelope_argyrotis,2,2,0,1,2,0,M,0.092,749.0294635,0.015475122,3150.429296,-42.84168005,0.015475122,3150.429296,42.84168005,749.0294635,non-Phasianidae,non-erectile,non-Phasianidae
Penelope_barbata,1,1,0,1,2,0,M,0.10684035,2659.367292,-0.133473698,-1767.883847,58.36531189,-0.133473698,-1767.883847,-58.36531189,2659.367292,non-Phasianidae,non-erectile,non-Phasianidae
Penelope_montagnii,1,1,0,1,2,0,M,0.1931,2912.72586,-0.085585669,1014.937436,62.48697662,-0.085585669,1014.937436,-62.48697662,2912.72586,non-Phasianidae,non-erectile,non-Phasianidae
Penelope_marail,2,2,0,1,2,0,M,0.0561,-1479.581928,0.184805005,2618.463048,-147.6725772,0.184805005,2618.463048,147.6725772,-1479.581928,non-Phasianidae,non-erectile,non-Phasianidae
Penelope_superciliaris,2,2,0,1,2,0,nonM,0.14078088,-1037.059382,0.13625172,-1117.659303,-74.04253404,0.13625172,-1117.659303,74.04253404,-1037.059382,non-Phasianidae,non-erectile,non-Phasianidae
Penelope_dabbenei,2,2,0,1,2,0,M,0.09370596,1558.557181,-0.361881096,-586.7007534,88.74055579,-0.361881096,-586.7007534,-88.74055579,1558.557181,non-Phasianidae,non-erectile,non-Phasianidae
Penelope_purpurascens,3,3,0,1,2,0,M,-0.0085,-855.3521396,0.043028292,4332.372588,-112.83048,0.043028292,4332.372588,112.83048,-855.3521396,non-Phasianidae,non-erectile,non-Phasianidae
Penelope_albipennis,3,3,0,1,1,0,M,0.16141179,-771.5644189,-0.302773588,-405.5890307,-98.65079619,-0.302773588,-405.5890307,98.65079619,-771.5644189,non-Phasianidae,non-erectile,non-Phasianidae
Penelope_jacquacu,2,2,0,1,2,0,M,0.112,-1251.186105,0.155630866,-1054.476447,-123.5683786,0.155630866,-1054.476447,123.5683786,-1251.186105,non-Phasianidae,non-erectile,non-Phasianidae
Penelope_obscura,2,2,0,1,2,0,nonM,0.091,-281.6992725,0.050767801,-2669.832421,-3.766273708,0.050767801,-2669.832421,3.766273708,-281.6992725,non-Phasianidae,non-erectile,non-Phasianidae
Penelope_pileata,2,2,0,1,2,0,M,-0.2254,-1363.294966,0.214897321,-1207.106561,-147.0485009,0.214897321,-1207.106561,147.0485009,-1363.294966,non-Phasianidae,non-erectile,non-Phasianidae
Penelope_ochrogaster,2,2,0,1,2,0,M,-0.06148795,-1465.992538,0.213557919,-151.3017606,-124.9652403,0.213557919,-151.3017606,124.9652403,-1465.992538,non-Phasianidae,non-erectile,non-Phasianidae
Penelope_jacucaca,2,2,0,1,2,0,M,-0.06148795,-540.5854318,0.19120362,2944.435378,-112.2973692,0.19120362,2944.435378,112.2973692,-540.5854318,non-Phasianidae,non-erectile,non-Phasianidae
Pipile_pipile,2,2,0,1,2,1,M,-0.1614,-1440.413301,0.168544896,3478.72877,-162.9471617,0.168544896,3478.72877,162.9471617,-1440.413301,non-Phasianidae,non-erectile,non-Phasianidae
Pipile_cumanensis,2,2,0,1,2,0,M,0.1432,-1254.468389,0.216591156,-1019.17083,-119.6279657,0.216591156,-1019.17083,119.6279657,-1254.468389,non-Phasianidae,non-erectile,non-Phasianidae
Pipile_cujubi,2,2,0,1,2,0,M,-0.01732433,-1338.841097,0.173301412,-1500.339238,-134.4749286,0.173301412,-1500.339238,134.4749286,-1338.841097,non-Phasianidae,non-erectile,non-Phasianidae
Pipile_jacutinga,3,3,0,1,2,0,M,-0.0438,-1110.630955,0.219202401,-2214.679074,-43.67919224,0.219202401,-2214.679074,43.67919224,-1110.630955,non-Phasianidae,non-erectile,non-Phasianidae
Aburria_aburri,2,1,-1,1,2,0,M,0.1245,1052.150637,-0.017185436,-844.3280815,-27.01651325,-0.017185436,-844.3280815,27.01651325,1052.150637,non-Phasianidae,non-erectile,non-Phasianidae
Chamaepetes_unicolor,1,1,0,1,2,0,M,0.1546,1014.213341,-0.127474147,5008.267928,-27.83742021,-0.127474147,5008.267928,27.83742021,1014.213341,non-Phasianidae,non-erectile,non-Phasianidae
Chamaepetes_goudotii,1,1,0,1,2,0,M,-0.1138,1858.674091,-0.041369337,1875.250318,1.920560752,-0.041369337,1875.250318,-1.920560752,1858.674091,non-Phasianidae,non-erectile,non-Phasianidae
Penelopina_nigra,0,1,1,1,1,8,nonM,0.18370798,870.6524778,0.037291062,3959.758734,-17.75822998,0.037291062,3959.758734,17.75822998,870.6524778,non-Phasianidae,non-erectile,non-Phasianidae
Oreophasis_derbianus,2,2,0,1,1,0,nonM,0.1402,1764.355231,0.042294329,3843.303576,16.00629877,0.042294329,3843.303576,-16.00629877,1764.355231,non-Phasianidae,non-erectile,non-Phasianidae
Nothocrax_urumutum,2,2,0,1,2,1,M,0.22448288,-1308.698071,0.233228161,-2530.721284,-123.4907003,0.233228161,-2530.721284,123.4907003,-1308.698071,non-Phasianidae,non-erectile,non-Phasianidae
Mitu_tomentosum,0,0,0,0,2,0,nonM,0.2369,-1473.851316,0.101099542,1741.879246,-150.1858542,0.101099542,1741.879246,150.1858542,-1473.851316,non-Phasianidae,No_FS,non-Phasianidae
Mitu_salvini,0,0,0,0,1,0,M,0.23190691,-1244.686427,0.257706301,-2628.546225,-120.6269801,0.257706301,-2628.546225,120.6269801,-1244.686427,non-Phasianidae,No_FS,non-Phasianidae
Mitu_tuberosum,2,2,0,1,2,0,nonM,0.425,-1237.571727,0.139591312,-1037.208551,-119.6781765,0.139591312,-1037.208551,119.6781765,-1237.571727,non-Phasianidae,non-erectile,non-Phasianidae
Mitu_mitu,1,1,0,1,2,0,nonM,0.0783,-1643.974774,-0.061248546,2832.052218,-150.1403676,-0.061248546,2832.052218,150.1403676,-1643.974774,non-Phasianidae,non-erectile,non-Phasianidae
Pauxi_pauxi,2,2,0,1,1,0,M,0.3333,324.901434,0.074256109,2975.558638,-63.52981701,0.074256109,2975.558638,63.52981701,324.901434,non-Phasianidae,non-erectile,non-Phasianidae
Pauxi_unicornis,2,2,0,1,1,0,nonM,0.0634,-896.6671426,0.054818093,-880.327304,-90.49248123,0.054818093,-880.327304,90.49248123,-896.6671426,non-Phasianidae,non-erectile,non-Phasianidae
Crax_rubra,0,2,2,1,2,9,M,0.1398,-1338.864617,0.095969065,3922.608964,-130.5278759,0.095969065,3922.608964,130.5278759,-1338.864617,non-Phasianidae,non-erectile,non-Phasianidae
Crax_alberti,0,2,2,1,2,7,M,1.1875,-1230.921623,0.069475016,3915.397752,-150.0787852,0.069475016,3915.397752,150.0787852,-1230.921623,non-Phasianidae,non-erectile,non-Phasianidae
Crax_daubentoni,1,2,1,1,1,1,M,0.1561,-1519.181469,0.192635023,3795.044466,-166.6448892,0.192635023,3795.044466,166.6448892,-1519.181469,non-Phasianidae,non-erectile,non-Phasianidae
Crax_alector,1,1,0,1,1,1,M,0.149,-1454.675625,0.193696051,2321.759271,-144.4696137,0.193696051,2321.759271,144.4696137,-1454.675625,non-Phasianidae,non-erectile,non-Phasianidae
Crax_globulosa,1,2,1,1,2,2,M,0.21716148,-1525.658101,0.107656283,-2527.61154,-137.3530084,0.107656283,-2527.61154,137.3530084,-1525.658101,non-Phasianidae,non-erectile,non-Phasianidae
Crax_fasciolata,0,1,1,1,1,11,M,0.1224,-1271.617618,0.154370067,-115.5637159,-110.7194216,0.154370067,-115.5637159,110.7194216,-1271.617618,non-Phasianidae,non-erectile,non-Phasianidae
Crax_blumenbachii,0,2,2,1,2,3,M,0.1129,-1600.32575,0.200833694,-1403.058195,-125.8396894,0.200833694,-1403.058195,125.8396894,-1600.32575,non-Phasianidae,non-erectile,non-Phasianidae
Agelastes_meleagrides,3,3,0,1,2,0,M,0.16047442,-1396.664821,0.068278343,293.5759296,-134.8276557,0.068278343,293.5759296,134.8276557,-1396.664821,non-Phasianidae,non-erectile,non-Phasianidae
Agelastes_niger,3,3,0,1,2,0,M,0.19442623,-527.0406786,0.053874177,481.9872195,-100.297506,0.053874177,481.9872195,100.297506,-527.0406786,non-Phasianidae,non-erectile,non-Phasianidae
Numida_meleagris,4,4,0,1,2,0,M,0.001,34.80237658,-0.063899693,2716.571894,17.60106157,-0.063899693,2716.571894,-17.60106157,34.80237658,non-Phasianidae,non-erectile,non-Phasianidae
Guttera_plumifera,3,3,0,1,2,0,M,0.13997562,-478.872585,0.203428857,335.0022464,-96.5749155,0.203428857,335.0022464,96.5749155,-478.872585,non-Phasianidae,non-erectile,non-Phasianidae
Guttera_pucherani,2,2,0,1,2,0,M,0.0794,-322.3669658,0.046331445,2028.291303,-81.56049745,0.046331445,2028.291303,81.56049745,-322.3669658,non-Phasianidae,non-erectile,non-Phasianidae
Acryllium_vulturinum,2,2,0,1,2,0,M,0.0049,-123.0821204,-0.150566975,4973.377212,-96.82492189,-0.150566975,4973.377212,96.82492189,-123.0821204,non-Phasianidae,non-erectile,non-Phasianidae
Ptilopachus_petrosus,1,1,0,1,2,1,M,-0.0176,-1321.451003,-0.041252423,5048.22525,-142.0786105,-0.041252423,5048.22525,142.0786105,-1321.451003,non-Phasianidae,non-erectile,non-Phasianidae
Ptilopachus_nahani,1,1,0,1,2,0,M,0.2551,101.9349416,0.192285802,3530.35431,-89.88991945,0.192285802,3530.35431,89.88991945,101.9349416,non-Phasianidae,non-erectile,non-Phasianidae
Dendrortyx_barbatus,1,1,0,1,2,0,M,0.1333,1012.460868,-0.026048846,309.1963514,14.9897957,-0.026048846,309.1963514,-14.9897957,1012.460868,non-Phasianidae,non-erectile,non-Phasianidae
Dendrortyx_macroura,1,1,0,1,2,0,M,0.0768,2339.351313,0.09147794,2342.378151,61.48168111,0.09147794,2342.378151,-61.48168111,2339.351313,non-Phasianidae,non-erectile,non-Phasianidae
Dendrortyx_leucophrys,1,1,0,1,2,0,M,0.1676,1183.018211,0.024231004,5535.465773,-6.233547058,0.024231004,5535.465773,6.233547058,1183.018211,non-Phasianidae,non-erectile,non-Phasianidae
Oreortyx_pictus,0,0,0,0,2,0,M,0.024,567.2254327,0.153928528,-4751.192709,145.8753712,0.153928528,-4751.192709,-145.8753712,567.2254327,non-Phasianidae,No_FS,non-Phasianidae
Callipepla_squamata,0,0,0,0,2,0,M,0.0791,544.8706216,-0.166788311,-255.3190606,71.26609006,-0.166788311,-255.3190606,-71.26609006,544.8706216,non-Phasianidae,No_FS,non-Phasianidae
Callipepla_douglasii,0,0,0,0,2,9,M,0.0307,-1233.923737,-0.096027837,1186.212465,-72.81362155,-0.096027837,1186.212465,72.81362155,-1233.923737,non-Phasianidae,No_FS,non-Phasianidae
Callipepla_californica,0,0,0,0,2,6,M,0.1481,-877.6348393,0.049476734,-5150.761868,84.90094986,0.049476734,-5150.761868,-84.90094986,-877.6348393,non-Phasianidae,No_FS,non-Phasianidae
Callipepla_gambelii,0,0,0,0,2,6,M,0.0494,-134.2586383,-0.158877431,657.2291471,18.98816207,-0.158877431,657.2291471,-18.98816207,-134.2586383,non-Phasianidae,No_FS,non-Phasianidae
Philortyx_fasciatus,0,0,0,0,1,0,M,0.0317,14.93608758,0.03233021,2801.21689,-72.38496772,0.03233021,2801.21689,72.38496772,14.93608758,non-Phasianidae,No_FS,non-Phasianidae
Colinus_virginianus,0,0,0,0,2,4,nonM,0.0176,-1338.524688,0.122433539,-4175.326355,87.66843851,0.122433539,-4175.326355,-87.66843851,-1338.524688,non-Phasianidae,No_FS,non-Phasianidae
Colinus_nigrogularis,0,0,0,0,2,5,M,-0.1022,-1655.197855,0.14464433,1753.102624,-135.475,0.14464433,1753.102624,135.475,-1655.197855,non-Phasianidae,No_FS,non-Phasianidae
Colinus_leucopogon,0,0,0,0,2,4,M,-0.1101,-849.77946,0.05866536,6554.116087,-116.0553111,0.05866536,6554.116087,116.0553111,-849.77946,non-Phasianidae,No_FS,non-Phasianidae
Colinus_cristatus,0,0,0,0,1,6,M,0.0659,-933.8846612,0.031407377,3261.550932,-143.8089745,0.031407377,3261.550932,143.8089745,-933.8846612,non-Phasianidae,No_FS,non-Phasianidae
Odontophorus_gujanensis,1,1,0,1,2,0,M,0.1107,-1094.436958,0.091463801,2633.596787,-131.1220368,0.091463801,2633.596787,131.1220368,-1094.436958,non-Phasianidae,non-erectile,non-Phasianidae
Odontophorus_capueira,1,1,0,1,1,0,M,0.154,-695.5237544,0.165962726,-3404.03819,-24.57110742,0.165962726,-3404.03819,24.57110742,-695.5237544,non-Phasianidae,non-erectile,non-Phasianidae
Odontophorus_melanotis,1,1,0,1,2,2,M,0.0334,-605.4849254,-0.078491984,4890.948742,-106.9331594,-0.078491984,4890.948742,106.9331594,-605.4849254,non-Phasianidae,non-erectile,non-Phasianidae
Odontophorus_erythrops,1,1,0,1,2,2,M,0.0334,-69.85558234,-0.247878571,-463.0033685,-77.52806965,-0.247878571,-463.0033685,77.52806965,-69.85558234,non-Phasianidae,non-erectile,non-Phasianidae
Odontophorus_hyperythrus,0,0,0,0,1,3,M,0.0701,1724.513407,-0.059772226,2428.726818,-8.292814883,-0.059772226,2428.726818,8.292814883,1724.513407,non-Phasianidae,No_FS,non-Phasianidae
Odontophorus_melanonotus,1,1,0,1,2,0,M,0,1252.366409,-0.21213811,326.485704,-14.99162288,-0.21213811,326.485704,14.99162288,1252.366409,non-Phasianidae,non-erectile,non-Phasianidae
Odontophorus_speciosus,1,1,0,1,2,2,M,0.0993,1050.689146,-0.035548841,-1618.262752,-16.33267389,-0.035548841,-1618.262752,16.33267389,1050.689146,non-Phasianidae,non-erectile,non-Phasianidae
Odontophorus_strophium,0,0,0,0,2,3,M,0,1585.907807,-0.047510871,2677.049125,3.311133774,-0.047510871,2677.049125,-3.311133774,1585.907807,non-Phasianidae,No_FS,non-Phasianidae
Odontophorus_columbianus,0,0,0,0,2,1,M,0.0208,803.0294732,0.2562075,3400.848124,-36.1315004,0.2562075,3400.848124,36.1315004,803.0294732,non-Phasianidae,No_FS,non-Phasianidae
Odontophorus_leucolaemus,0,0,0,0,2,0,M,0.049,721.4796701,-0.158171566,5017.35026,-40.12615186,-0.158171566,5017.35026,40.12615186,721.4796701,non-Phasianidae,No_FS,non-Phasianidae
Odontophorus_balliviani,1,1,0,1,2,2,M,-0.0401,2719.515512,-0.249177633,-526.0918633,73.66227145,-0.249177633,-526.0918633,-73.66227145,2719.515512,non-Phasianidae,non-erectile,non-Phasianidae
Odontophorus_stellatus,1,1,0,1,2,1,M,0.1365,-1226.119504,0.162331183,-906.6695744,-118.4833866,0.162331183,-906.6695744,118.4833866,-1226.119504,non-Phasianidae,non-erectile,non-Phasianidae
Odontophorus_guttatus,0,0,0,0,2,3,M,0.068,146.397549,0.108694178,3866.056073,-57.16779672,0.108694178,3866.056073,57.16779672,146.397549,non-Phasianidae,No_FS,non-Phasianidae
Dactylortyx_thoracicus,0,0,0,0,2,2,M,0.1925,538.9609882,0.097287842,2893.794456,-20.90363122,0.097287842,2893.794456,20.90363122,538.9609882,non-Phasianidae,No_FS,non-Phasianidae
Cyrtonyx_montezumae,0,0,0,0,2,8,M,0.0726,1224.225648,-0.067924499,1049.147571,79.77151688,-0.067924499,1049.147571,-79.77151688,1224.225648,non-Phasianidae,No_FS,non-Phasianidae
Cyrtonyx_ocellatus,0,0,0,0,2,6,M,0.1978,1341.181547,0.006647178,4577.418196,-1.196489584,0.006647178,4577.418196,1.196489584,1341.181547,non-Phasianidae,No_FS,non-Phasianidae
Rhynchortyx_cinctus,0,0,0,0,2,8,M,0.0746,-1206.705906,-0.090604837,4014.942641,-130.9276617,-0.090604837,4014.942641,130.9276617,-1206.705906,non-Phasianidae,No_FS,non-Phasianidae
Meleagris_gallopavo,4,5,1,1,1,6,nonM,0.814,-1240.835744,0.181077515,-7716.522376,172.1061918,0.181077515,-7716.522376,-172.1061918,-1240.835744,Phasianidae,non-erectile,other Phasianidae
Meleagris_ocellata,4,5,1,1,1,0,nonM,0.2857,-1426.933439,0.294392482,2634.073399,-119.9064947,0.294392482,2634.073399,119.9064947,-1426.933439,Phasianidae,non-erectile,other Phasianidae
Bonasa_umbellus,0,0,0,0,1,1,nonM,0.1365,-1079.002863,0.212132638,-9251.31573,242.1623536,0.212132638,-9251.31573,-242.1623536,-1079.002863,Phasianidae,No_FS,other grouses
Tetrastes_bonasia,0,1,1,1,1,2,M,0.0082,-1367.639103,0.127801333,-13742.41794,237.7393936,0.127801333,-13742.41794,-237.7393936,-1367.639103,Phasianidae,non-erectile,other grouses
Tetrastes_sewerzowi,0,1,1,1,1,3,M,-0.0118,3992.950774,0.026418051,-5484.854071,295.5187105,0.026418051,-5484.854071,-295.5187105,3992.950774,Phasianidae,non-erectile,other grouses
Falcipennis_falcipennis,0,1,1,1,1,4,nonM,-0.054,-856.3672924,0.116588881,-10215.23148,418.1474633,0.116588881,-10215.23148,-418.1474633,-856.3672924,Phasianidae,non-erectile,other grouses
Falcipennis_canadensis,0,1,1,1.5,1,5,nonM,0.0789,-1101.783221,0.114399426,-10007.97904,327.2749168,0.114399426,-10007.97904,-327.2749168,-1101.783221,Phasianidae,erectile,other grouses
Tetrao_urogallus,0,1,1,1.5,1,8,nonM,1.2778,-1250.07748,0.097093145,-13753.28614,234.5582976,0.097093145,-13753.28614,-234.5582976,-1250.07748,Phasianidae,erectile,other grouses
Tetrao_urogalloides,0,1,1,1.5,1,7,nonM,1.0333,-903.6073163,0.034368612,-11354.36825,455.1784784,0.034368612,-11354.36825,-455.1784784,-903.6073163,Phasianidae,erectile,other grouses
Lyrurus_tetrix,0,1,1,1.5,1,9,nonM,0.2703,-1305.271983,0.09356958,-13737.2464,229.4460098,0.09356958,-13737.2464,-229.4460098,-1305.271983,Phasianidae,erectile,other grouses
Lyrurus_mlokosiewiczi,0,1,1,1.5,1,9,nonM,0.1913,1626.216851,-0.047443614,-7283.019664,270.7003381,-0.047443614,-7283.019664,-270.7003381,1626.216851,Phasianidae,erectile,other grouses
Centrocercus_urophasianus,0,1,1,10,1,4,nonM,0.6429,1430.937952,-0.096420907,-5858.980846,215.7275455,-0.096420907,-5858.980846,-215.7275455,1430.937952,Phasianidae,erectile,Centrocercus
Centrocercus_minimus,0,1,1,10,1,4,nonM,0.75,2631.393406,-0.085030189,-3156.698919,259.9388358,-0.085030189,-3156.698919,-259.9388358,2631.393406,Phasianidae,erectile,Centrocercus
Dendragapus_obscurus,0,1,1,5,1,2,nonM,0.3392,1752.03771,-0.002888082,-7332.630263,250.3630126,-0.002888082,-7332.630263,-250.3630126,1752.03771,Phasianidae,erectile,Dendragapus
Dendragapus_fuliginosus,0,1,1,5,1,3,nonM,0.5173,-9.487919366,0.164272071,-9512.977099,180.20011,0.164272071,-9512.977099,-180.20011,-9.487919366,Phasianidae,erectile,Dendragapus
Tympanuchus_phasianellus,1,1,0,4,1,0,nonM,0.1665,-594.8062057,0.082591064,-9078.778468,276.9224089,0.082591064,-9078.778468,-276.9224089,-594.8062057,Phasianidae,erectile,Tympanuchus
Tympanuchus_pallidicinctus,0,1,1,4,1,1,nonM,0.0438,51.03860052,-0.05768823,-2249.163919,125.8466601,-0.05768823,-2249.163919,-125.8466601,51.03860052,Phasianidae,erectile,Tympanuchus
Tympanuchus_cupido,0,1,1,6,1,2,nonM,0.1784,-741.6319443,0.109231025,-5532.490313,182.4133569,0.109231025,-5532.490313,-182.4133569,-741.6319443,Phasianidae,erectile,Tympanuchus
Lagopus_leucura,0,1,1,1.5,1,8,M,0.0228,2429.535849,-0.127261104,-9890.951911,337.8138821,-0.127261104,-9890.951911,-337.8138821,2429.535849,Phasianidae,erectile,other grouses
Lagopus_muta,0,1,1,1.5,1,8,M,-0.0527,-354.5266206,-0.112988649,-14374.15218,301.6065672,-0.112988649,-14374.15218,-301.6065672,-354.5266206,Phasianidae,erectile,other grouses
Lagopus_lagopus,0,1,1,1.5,2,8,M,0.1899,-821.7265175,0.004251206,-14332.08506,287.8866795,0.004251206,-14332.08506,-287.8866795,-821.7265175,Phasianidae,erectile,other grouses
Lerwa_lerwa,0,0,0,0,1,0,M,0,4765.706391,-0.319841066,-410.5078736,294.4294098,-0.319841066,-410.5078736,-294.4294098,4765.706391,Phasianidae,No_FS,other Phasianidae
Tetraophasis_obscurus,1,1,0,1,1,1,M,0.2026,4197.555379,-0.007933379,-5853.426472,292.3253671,-0.007933379,-5853.426472,-292.3253671,4197.555379,Phasianidae,non-erectile,other Phasianidae
Tetraophasis_szechenyii,1,1,0,1,2,0,M,0.4318,4830.177468,-0.072180958,-2216.160129,298.5799577,-0.072180958,-2216.160129,-298.5799577,4830.177468,Phasianidae,non-erectile,other Phasianidae
Tetraogallus_caspius,1,1,0,1,1,2,M,0.1451,1939.536675,-0.109231735,-4053.631344,229.4056062,-0.109231735,-4053.631344,-229.4056062,1939.536675,Phasianidae,non-erectile,other Phasianidae
Tetraogallus_himalayensis,1,1,0,1,2,0,M,0.5152,4342.884133,-0.322943642,-3796.902913,346.6664189,-0.322943642,-3796.902913,-346.6664189,4342.884133,Phasianidae,non-erectile,other Phasianidae
Tetraogallus_tibetanus,1,1,0,1,2,1,M,0.1733,6047.556858,-0.369853106,-144.219208,350.7193215,-0.369853106,-144.219208,-350.7193215,6047.556858,Phasianidae,non-erectile,other Phasianidae
Tetraogallus_altaicus,1,1,0,1,1,0,M,0.1811,2748.913399,-0.215450707,-8745.333998,473.8008718,-0.215450707,-8745.333998,-473.8008718,2748.913399,Phasianidae,non-erectile,other Phasianidae
Alectoris_graeca,1,1,0,1,1,0,M,0.3208,183.0963194,0.081932019,-7151.99641,186.555998,0.081932019,-7151.99641,-186.555998,183.0963194,Phasianidae,non-erectile,other Phasianidae
Alectoris_chukar,1,1,0,1,1,0,M,0.1609,-36.29550023,-0.110431378,-4061.747195,134.9821162,-0.110431378,-4061.747195,-134.9821162,-36.29550023,Phasianidae,non-erectile,other Phasianidae
Alectoris_magna,1,1,0,1,2,0,M,0.0927,3453.503804,-0.170594437,-2966.502914,332.239356,-0.170594437,-2966.502914,-332.239356,3453.503804,Phasianidae,non-erectile,other Phasianidae
Alectoris_philbyi,1,1,0,1,2,0,M,0.1324812,2358.156226,-0.289692772,5083.256345,30.87551272,-0.289692772,5083.256345,-30.87551272,2358.156226,Phasianidae,non-erectile,other Phasianidae
Alectoris_barbara,1,1,0,1,2,0,M,0.2261,-1021.046135,-0.237008644,591.461942,-4.089953513,-0.237008644,591.461942,4.089953513,-1021.046135,Phasianidae,non-erectile,other Phasianidae
Alectoris_rufa,1,1,0,1,2,0,M,-0.0444,-1119.386341,0.049655107,-6158.636484,86.39718379,0.049655107,-6158.636484,-86.39718379,-1119.386341,Phasianidae,non-erectile,other Phasianidae
Alectoris_melanocephala,1,1,0,1,2,0,M,0.387,-323.5365878,-0.299072471,5674.947112,-95.93927285,-0.299072471,5674.947112,95.93927285,-323.5365878,Phasianidae,non-erectile,other Phasianidae
Ammoperdix_heyi,0,0,0,0,1,4,M,-0.0921,-1209.058624,-0.361749482,1226.318295,-19.67976343,-0.361749482,1226.318295,19.67976343,-1209.058624,Phasianidae,No_FS,other Phasianidae
Francolinus_francolinus,0,0,0,0,2,5,M,0.1368,-1075.656983,-0.083739443,1210.797646,-5.002867732,-0.083739443,1210.797646,5.002867732,-1075.656983,Phasianidae,No_FS,other Phasianidae
Francolinus_pictus,0,0,0,0,1,4,M,0,-937.9712338,-0.205322347,5005.632993,-105.430755,-0.205322347,5005.632993,105.430755,-937.9712338,Phasianidae,No_FS,other Phasianidae
Francolinus_pintadeanus,0,0,0,0,2,8,M,0.1855,-1183.184492,-0.025821179,3809.957558,-76.44156221,-0.025821179,3809.957558,76.44156221,-1183.184492,Phasianidae,No_FS,other Phasianidae
Francolinus_pondicerianus,0,0,0,0,2,0,M,0.2018,-1156.640068,-0.184769793,5082.138585,-110.9800956,-0.184769793,5082.138585,110.9800956,-1156.640068,Phasianidae,No_FS,other Phasianidae
Francolinus_gularis,0,0,0,0,2,0,M,0.19764223,-1523.529465,0.124737491,1941.378352,-58.80854972,0.124737491,1941.378352,58.80854972,-1523.529465,Phasianidae,No_FS,other Phasianidae
Peliperdix_lathami,0,0,0,0,2,4,M,-0.1056,-1069.435131,0.107227947,358.1218958,-129.8981996,0.107227947,358.1218958,129.8981996,-1069.435131,Phasianidae,No_FS,other Phasianidae
Peliperdix_coqui,0,0,0,0,2,2,M,0.0985,420.9884894,-0.028188175,3081.096568,6.39391851,-0.028188175,3081.096568,-6.39391851,420.9884894,Phasianidae,No_FS,other Phasianidae
Peliperdix_albogularis,0,0,0,0,2,2,M,0.14643778,-1265.683326,0.031624497,2522.401402,-150.6197321,0.031624497,2522.401402,150.6197321,-1265.683326,Phasianidae,No_FS,other Phasianidae
Peliperdix_schlegelii,0,0,0,0,2,2,M,0.1256,193.8693646,0.10066629,595.027348,-60.45105054,0.10066629,595.027348,60.45105054,193.8693646,Phasianidae,No_FS,other Phasianidae
Scleroptila_streptophora,0,0,0,0,2,2,M,0.16953519,612.7099189,0.020486796,3394.830669,-64.45446161,0.020486796,3394.830669,64.45446161,612.7099189,Phasianidae,No_FS,other Phasianidae
Scleroptila_afra,0,0,0,0,2,0,M,0.1783,436.4286826,-0.161176114,924.736446,90.0985937,-0.161176114,924.736446,-90.0985937,436.4286826,Phasianidae,No_FS,other Phasianidae
Scleroptila_levaillantii,0,0,0,0,1,0,M,0.1546,835.9206533,0.002057744,2168.035383,82.01410859,0.002057744,2168.035383,-82.01410859,835.9206533,Phasianidae,No_FS,other Phasianidae
Scleroptila_finschi,0,0,0,0,2,0,M,0.15600894,-578.2476884,-0.007368397,-1476.56056,-99.7994031,-0.007368397,-1476.56056,99.7994031,-578.2476884,Phasianidae,No_FS,other Phasianidae
Scleroptila_shelleyi,0,0,0,0,2,0,M,0.1494,-58.95230543,-0.059619175,1571.354972,15.43681972,-0.059619175,1571.354972,-15.43681972,-58.95230543,Phasianidae,No_FS,other Phasianidae
Scleroptila_psilolaema,0,0,0,0,2,0,M,0.1818,3950.774007,0.044997459,4460.391411,91.0500036,0.044997459,4460.391411,-91.0500036,3950.774007,Phasianidae,No_FS,other Phasianidae
Scleroptila_gutturalis,0,0,0,0,2,0,M,0.0591,812.8692747,0.030411193,3463.175183,77.2951386,0.030411193,3463.175183,-77.2951386,812.8692747,Phasianidae,No_FS,other Phasianidae
Dendroperdix_sephaena,0,0,0,0,2,1,M,0.1683,-217.7612255,-0.073212368,3027.073658,-23.89488938,-0.073212368,3027.073658,23.89488938,-217.7612255,Phasianidae,No_FS,other Phasianidae
Pternistis_squamatus,0,0,0,0,2,0,M,0.0504,1070.318583,0.046893229,1453.905372,-33.37379406,0.046893229,1453.905372,33.37379406,1070.318583,Phasianidae,No_FS,other Phasianidae
Pternistis_ahantensis,0,0,0,0,2,1,M,0.2485,-1513.213704,0.053390365,328.8037809,-152.3598879,0.053390365,328.8037809,152.3598879,-1513.213704,Phasianidae,No_FS,other Phasianidae
Pternistis_griseostriatus,0,0,0,0,2,0,M,1.0197,-572.796415,-0.054914465,-111.4694116,-58.59860168,-0.054914465,-111.4694116,58.59860168,-572.796415,Phasianidae,No_FS,other Phasianidae
Pternistis_hildebrandti,0,0,0,0,2,5,M,0.367,1045.450015,-0.046593221,2552.483044,-32.93184532,-0.046593221,2552.483044,32.93184532,1045.450015,Phasianidae,No_FS,other Phasianidae
Pternistis_bicalcaratus,0,0,0,0,2,1,M,0.3307,-1490.785444,-0.054241866,4885.750699,-139.7019822,-0.054241866,4885.750699,139.7019822,-1490.785444,Phasianidae,No_FS,other Phasianidae
Pternistis_icterorhynchus,1,1,0,1,2,0,M,0.2948,-252.824427,0.12681494,4249.134576,-115.3369207,0.12681494,4249.134576,115.3369207,-252.824427,Phasianidae,non-erectile,other Phasianidae
Pternistis_clappertoni,2,2,0,1,2,0,M,0.293,259.5762898,-0.100750346,5631.779562,-71.3131786,-0.100750346,5631.779562,71.3131786,259.5762898,Phasianidae,non-erectile,other Phasianidae
Pternistis_harwoodi,2,2,0,1,2,1,nonM,0.222,2084.419398,0.028665812,4235.346967,19.2407652,0.028665812,4235.346967,-19.2407652,2084.419398,Phasianidae,non-erectile,other Phasianidae
Pternistis_swierstrai,0,0,0,0,2,2,M,0.33354265,1983.321462,0.161944175,2700.981512,64.34715288,0.161944175,2700.981512,-64.34715288,1983.321462,Phasianidae,No_FS,other Phasianidae
Pternistis_camerunensis,2,2,0,1,2,5,M,0.165,1275.557826,-0.085988906,-3039.6699,-0.487570483,-0.085988906,-3039.6699,0.487570483,1275.557826,Phasianidae,non-erectile,other Phasianidae
Pternistis_nobilis,2,2,0,1,2,0,M,0.3827,2077.819619,0.063768376,-854.5510943,12.06745805,0.063768376,-854.5510943,-12.06745805,2077.819619,Phasianidae,non-erectile,other Phasianidae
Pternistis_jacksoni,0,1,1,1,2,0,M,0.4436648,3132.269607,0.071936617,104.6404309,73.6860794,0.071936617,104.6404309,-73.6860794,3132.269607,Phasianidae,non-erectile,other Phasianidae
Pternistis_castaneicollis,0,0,0,0,1,0,M,0.7625,3389.20364,0.024635187,4460.912322,82.37136523,0.024635187,4460.912322,-82.37136523,3389.20364,Phasianidae,No_FS,other Phasianidae
Pternistis_ochropectus,0,0,0,0,2,1,M,0.3372,604.4076558,-0.208383441,6917.517965,-60.62093071,-0.208383441,6917.517965,60.62093071,604.4076558,Phasianidae,No_FS,other Phasianidae
Pternistis_erckelii,0,0,0,0,2,0,M,0.1118,186.3023108,-0.119276822,2049.620256,-37.52941729,-0.119276822,2049.620256,37.52941729,186.3023108,Phasianidae,No_FS,other Phasianidae
Pternistis_hartlaubi,0,0,0,0,2,5,M,0.2045,356.8543943,-0.269256848,5066.780256,-17.06345287,-0.269256848,5066.780256,17.06345287,356.8543943,Phasianidae,No_FS,other Phasianidae
Pternistis_adspersus,2,2,0,1,2,0,M,0.1802,110.4326237,-0.118028847,5748.929161,-28.24644452,-0.118028847,5748.929161,28.24644452,110.4326237,Phasianidae,non-erectile,other Phasianidae
Pternistis_capensis,0,0,0,0,1,0,M,0.3848,-1164.589786,-0.271574517,-461.5921092,27.85152478,-0.271574517,-461.5921092,-27.85152478,-1164.589786,Phasianidae,No_FS,other Phasianidae
Pternistis_natalensis,0,0,0,0,2,0,M,0.4225,-127.3504911,-0.039952122,2532.763709,16.94741323,-0.039952122,2532.763709,-16.94741323,-127.3504911,Phasianidae,No_FS,other Phasianidae
Pternistis_leucoscepus,3,3,0,1,2,0,M,0.3817,483.8883648,-0.093440156,2755.928449,-62.3269639,-0.093440156,2755.928449,62.3269639,483.8883648,Phasianidae,non-erectile,other Phasianidae
Pternistis_rufopictus,3,3,0,1,2,0,M,0.4422,980.7702296,0.06771741,4759.47438,-56.82626953,0.06771741,4759.47438,56.82626953,980.7702296,Phasianidae,non-erectile,other Phasianidae
Pternistis_afer,3,3,0,1,1,0,M,0.3962,-109.3342188,-0.046068934,1497.042108,-22.85913847,-0.046068934,1497.042108,22.85913847,-109.3342188,Phasianidae,non-erectile,other Phasianidae
Pternistis_swainsonii,3,3,0,1,1,1,M,0.398,452.0455049,-0.004654248,3291.778758,47.07911306,-0.004654248,3291.778758,-47.07911306,452.0455049,Phasianidae,non-erectile,other Phasianidae
Perdix_perdix,1,1,0,1,2,1,M,0.0636,-1467.010168,0.089990144,-12368.73006,154.3713344,0.089990144,-12368.73006,-154.3713344,-1467.010168,Phasianidae,non-erectile,other Phasianidae
Perdix_dauurica,0,0,0,0,2,3,M,0.0506,327.8421385,-0.076197711,-7513.761926,373.5460149,-0.076197711,-7513.761926,-373.5460149,327.8421385,Phasianidae,No_FS,other Phasianidae
Perdix_hodgsoniae,1,1,0,1,2,0,M,0.1714,5173.046989,-0.247918239,-2518.153032,328.2341934,-0.247918239,-2518.153032,-328.2341934,5173.046989,Phasianidae,non-erectile,other Phasianidae
Rhizothera_longirostris,0,0,0,0,2,5,M,0.1478,-1094.987386,-0.013906648,182.9854077,-141.0609035,-0.013906648,182.9854077,141.0609035,-1094.987386,Phasianidae,No_FS,other Phasianidae
Margaroperdix_madagarensis,0,0,0,0,1,7,M,0.06611531,-269.8036327,-0.110323709,2667.257057,-20.86042086,-0.110323709,2667.257057,20.86042086,-269.8036327,Phasianidae,No_FS,other Phasianidae
Melanoperdix_niger,0,0,0,0,2,8,M,-0.0036,-1637.602746,-0.04771336,515.9217072,-160.676719,-0.04771336,515.9217072,160.676719,-1637.602746,Phasianidae,No_FS,other Phasianidae
Coturnix_coturnix,0,0,0,0,1,2,M,-0.1262,-1245.584899,0.544813997,-7892.978967,34.48385445,0.544813997,-7892.978967,-34.48385445,-1245.584899,Phasianidae,No_FS,other Phasianidae
Coturnix_japonica,0,0,0,0,1,2,M,-0.0373,-1510.282986,0.315530797,-8893.47462,60.60897981,0.315530797,-8893.47462,-60.60897981,-1510.282986,Phasianidae,No_FS,other Phasianidae
Coturnix_delegorguei,0,0,0,0,2,3,M,-0.1013,-81.42007485,-0.061004653,2559.215871,-30.01913541,-0.061004653,2559.215871,30.01913541,-81.42007485,Phasianidae,No_FS,other Phasianidae
Coturnix_pectoralis,0,0,0,0,2,3,M,-0.0764,-1383.491724,-0.191911854,-2849.653059,41.82686241,-0.191911854,-2849.653059,-41.82686241,-1383.491724,Phasianidae,No_FS,other Phasianidae
Coturnix_novaezelandiae,0,0,0,0,1,3,M,0.1,-1660.224011,-0.052503765,-6035.436645,56.13686795,-0.052503765,-6035.436645,-56.13686795,-1660.224011,Phasianidae,No_FS,other Phasianidae
Coturnix_ypsilophora,0,0,0,0,2,1,M,-0.0141,-1436.499713,-0.147952063,-289.2567355,-5.267060108,-0.147952063,-289.2567355,5.267060108,-1436.499713,Phasianidae,No_FS,other Phasianidae
Excalfactoria_chinensis,0,0,0,0,2,6,M,-0.1258,-1547.296156,-0.056929972,488.7892029,-33.05466672,-0.056929972,488.7892029,33.05466672,-1547.296156,Phasianidae,No_FS,other Phasianidae
Perdicula_asiatica,0,0,0,0,1,4,M,0,-848.0402242,-0.171978309,5020.93013,-100.761824,-0.171978309,5020.93013,100.761824,-848.0402242,Phasianidae,No_FS,other Phasianidae
Perdicula_erythrorhyncha,0,0,0,0,2,3,M,0,825.2597038,-0.056294889,5369.902763,-30.40159673,-0.056294889,5369.902763,30.40159673,825.2597038,Phasianidae,No_FS,other Phasianidae
Xenoperdix_udzungwensis,0,0,0,0,1,0,M,0.0455,967.5957456,0.13250463,1355.903744,-1.496714398,0.13250463,1355.903744,1.496714398,967.5957456,Phasianidae,No_FS,other Phasianidae
Xenoperdix_obscuratus,0,0,0,0,1,0,M,0.0455,1657.084033,0.237990344,1834.203727,32.0055529,0.237990344,1834.203727,-32.0055529,1657.084033,Phasianidae,No_FS,other Phasianidae
Arborophila_torqueola,1,1,0,1,2,2,M,0.1669,2155.271502,-0.047250866,161.805979,155.143765,-0.047250866,161.805979,-155.143765,2155.271502,Phasianidae,non-erectile,other Phasianidae
Arborophila_rufogularis,1,1,0,1,2,2,M,0.1669,985.7775883,0.058522495,1122.823207,60.20903172,0.058522495,1122.823207,-60.20903172,985.7775883,Phasianidae,non-erectile,other Phasianidae
Arborophila_atrogularis,1,1,0,1,2,0,M,0.1636,-963.676852,0.179073581,1677.772787,-36.64306607,0.179073581,1677.772787,36.64306607,-963.676852,Phasianidae,non-erectile,other Phasianidae
Arborophila_crudigularis,0,1,1,1,2,1,M,0.467,-405.1606946,-0.233015532,-1962.904992,-13.96669787,-0.233015532,-1962.904992,13.96669787,-405.1606946,Phasianidae,non-erectile,other Phasianidae
Arborophila_brunneopectus,1,1,0,1,2,0,M,0.1828,99.18103555,0.036164785,2803.853744,-41.84178221,0.036164785,2803.853744,41.84178221,99.18103555,Phasianidae,non-erectile,other Phasianidae
Arborophila_rufipectus,1,1,0,1,1,2,M,0.2055,800.211983,0.186751352,-7929.944287,121.2629001,0.186751352,-7929.944287,-121.2629001,800.211983,Phasianidae,non-erectile,other Phasianidae
Arborophila_gingica,1,1,0,1,2,0,M,0.19381232,-433.530613,0.107588363,-3210.497274,58.0612616,0.107588363,-3210.497274,-58.0612616,-433.530613,Phasianidae,non-erectile,other Phasianidae
Arborophila_javanica,1,1,0,1,2,0,M,0.20157334,902.8859877,-0.367464196,500.5165967,-33.45148761,-0.367464196,500.5165967,33.45148761,902.8859877,Phasianidae,non-erectile,other Phasianidae
Arborophila_ardens,0,0,0,0,2,0,M,0.2658,-360.9996681,0.13147641,1127.414949,-38.54242491,0.13147641,1127.414949,38.54242491,-360.9996681,Phasianidae,No_FS,other Phasianidae
Arborophila_charltonii,1,1,0,1,2,0,M,0.16,-1457.879211,0.148484958,3028.272642,-154.4223001,0.148484958,3028.272642,154.4223001,-1457.879211,Phasianidae,non-erectile,other Phasianidae
Arborophila_chloropus,0,1,1,1,1,0,M,0.16,-915.7748862,0.092440716,4630.587392,-118.9764142,0.092440716,4630.587392,118.9764142,-915.7748862,Phasianidae,non-erectile,other Phasianidae
Caloperdix_oculeus,0,0,0,0,2,0,M,-0.1739,-627.2690827,0.100774351,2050.30018,-107.2235848,0.100774351,2050.30018,107.2235848,-627.2690827,Phasianidae,No_FS,other Phasianidae
Haematortyx_sanguiniceps,0,0,0,0,2,2,M,0.1269,704.0646934,0.050594031,1615.452475,-44.2800159,0.050594031,1615.452475,44.2800159,704.0646934,Phasianidae,No_FS,other Phasianidae
Rollulus_rouloul,1,2,1,1,1,9,M,0.1485,-1284.075161,0.056372484,1446.266926,-145.7013271,0.056372484,1446.266926,145.7013271,-1284.075161,Phasianidae,non-erectile,other Phasianidae
Bambusicola_fytchii,0,0,0,0,2,1,M,0.1376,998.3980208,0.114891421,1826.396744,35.619321,0.114891421,1826.396744,-35.619321,998.3980208,Phasianidae,No_FS,other Phasianidae
Bambusicola_thoracicus,0,0,0,0,1,0,M,-0.0055,-1229.503886,-0.024489711,-5168.981152,80.78661949,-0.024489711,-5168.981152,-80.78661949,-1229.503886,Phasianidae,No_FS,other Phasianidae
Galloperdix_spadicea,1,1,0,1,2,3,M,0.1905,-965.6580769,-0.103352813,5257.341182,-127.2981336,-0.103352813,5257.341182,127.2981336,-965.6580769,Phasianidae,non-erectile,other Phasianidae
Galloperdix_lunulata,0,0,0,0,2,6,M,0.1227,-891.1678742,-0.16248542,5323.102184,-107.7814956,-0.16248542,5323.102184,107.7814956,-891.1678742,Phasianidae,No_FS,other Phasianidae
Ithaginis_cruentus,1,1,0,1,2,8,M,0.0194,4015.053842,-0.050204565,-256.71029,241.0586856,-0.050204565,-256.71029,-241.0586856,4015.053842,Phasianidae,non-erectile,other Phasianidae
Tragopan_satyra,1,3,2,4,1,8,M,0.6818,3172.959674,-0.013802936,102.6348849,189.0449347,-0.013802936,102.6348849,-189.0449347,3172.959674,Phasianidae,erectile,Tragopan
Tragopan_blythii,0,3,3,4,2,8,M,0.544,1829.78558,0.151926988,96.37421538,115.8143245,0.151926988,96.37421538,-115.8143245,1829.78558,Phasianidae,erectile,Tragopan
Tragopan_temminckii,0,3,3,4,1,8,M,0.4564,2090.634543,0.139772636,-6878.417291,176.2152409,0.139772636,-6878.417291,-176.2152409,2090.634543,Phasianidae,erectile,Tragopan
Tragopan_caboti,0,3,3,4,1,8,M,0.5556,-264.2257584,0.074897051,-3429.795179,71.30264531,0.074897051,-3429.795179,-71.30264531,-264.2257584,Phasianidae,erectile,Tragopan
Pucrasia_macrolopha,0,0,0,0,1,9,M,0.2704,2314.100962,-0.082753062,-1126.26131,196.0060195,-0.082753062,-1126.26131,-196.0060195,2314.100962,Phasianidae,No_FS,other Phasianidae
Lophophorus_impejanus,1,2,1,1,2,10,nonM,0.1038,3413.689132,-0.167990506,-305.0644113,231.1077508,-0.167990506,-305.0644113,-231.1077508,3413.689132,Phasianidae,non-erectile,other Phasianidae
Lophophorus_sclateri,2,2,0,1,2,10,M,0.1382,2261.349852,0.08921301,-686.6463456,139.3087987,0.08921301,-686.6463456,-139.3087987,2261.349852,Phasianidae,non-erectile,other Phasianidae
Lophophorus_lhuysii,1,2,1,1,1,10,M,-0.0804,3394.008857,-0.051605089,-6542.268917,255.5651936,-0.051605089,-6542.268917,-255.5651936,3394.008857,Phasianidae,non-erectile,other Phasianidae
Gallus_gallus,2,4,2,1,1,10,M,0.3862,-1270.398658,-0.038220489,2186.06123,-121.2242854,-0.038220489,2186.06123,121.2242854,-1270.398658,Phasianidae,non-erectile,other Phasianidae
Gallus_sonneratii,1,3,2,1,2,10,M,0.2883,-579.9240464,-0.090974481,5459.541419,-102.8956258,-0.090974481,5459.541419,102.8956258,-579.9240464,Phasianidae,non-erectile,other Phasianidae
Gallus_lafayettii,1,4,3,1,1,10,nonM,0.7004,-1243.622999,0.035608037,5286.018861,-153.4054459,0.035608037,5286.018861,153.4054459,-1243.622999,Phasianidae,non-erectile,other Phasianidae
Gallus_varius,2,4,2,1,1,10,M,0.3824,-1116.284617,-0.178342977,3594.465419,-154.0911123,-0.178342977,3594.465419,154.0911123,-1116.284617,Phasianidae,non-erectile,other Phasianidae
Lophura_leucomelanos,2,2,0,1.5,1,10,M,0.224,661.4821011,-0.053925488,1115.928498,64.93676132,-0.053925488,1115.928498,-64.93676132,661.4821011,Phasianidae,erectile,other Phasianidae
Lophura_nycthemera,2,2,0,1.5,1,10,nonM,0.4228,-43.7226621,0.062964999,1366.668245,-10.02313297,0.062964999,1366.668245,10.02313297,-43.7226621,Phasianidae,erectile,other Phasianidae
Lophura_edwardsi,2,2,0,2,1,10,nonM,0.0548,-1672.009981,-0.02533095,2497.086901,-126.7736107,-0.02533095,2497.086901,126.7736107,-1672.009981,Phasianidae,erectile,other Phasianidae
Lophura_swinhoii,2,3,1,2,1,10,M,0.2663,187.4233175,-0.237679498,-1961.751879,14.22575462,-0.237679498,-1961.751879,-14.22575462,187.4233175,Phasianidae,erectile,other Phasianidae
Lophura_inornata,2,2,0,1.5,1,8,nonM,0.0448,1281.244699,0.028308037,-361.4946756,-14.2858405,0.028308037,-361.4946756,14.2858405,1281.244699,Phasianidae,erectile,other Phasianidae
Lophura_erythrophthalma,3,3,0,2,1,8,nonM,0.2461,-1435.555654,-0.008015796,387.5868186,-147.1632744,-0.008015796,387.5868186,147.1632744,-1435.555654,Phasianidae,erectile,other Phasianidae
Lophura_ignita,3,3,0,2,1,8,nonM,0.461,-1474.159101,0.164268062,2424.434085,-156.2256028,0.164268062,2424.434085,156.2256028,-1474.159101,Phasianidae,erectile,other Phasianidae
Lophura_diardi,2,3,1,2,1,10,nonM,0.7006,-1198.657789,0.060663562,5295.159815,-136.6624384,0.060663562,5295.159815,136.6624384,-1198.657789,Phasianidae,erectile,other Phasianidae
Lophura_bulweri,2,4,2,4,1,9,M,0.6823,-941.0555979,0.189097861,2384.593182,-118.040045,0.189097861,2384.593182,118.040045,-941.0555979,Phasianidae,erectile,Lophura bulweri
Crossoptilon_crossoptilon,2,2,0,1.5,1,1,M,0.4783,5184.426918,-0.252511369,-2210.564301,312.6259732,-0.252511369,-2210.564301,-312.6259732,5184.426918,Phasianidae,erectile,other Phasianidae
Crossoptilon_harmani,2,2,0,1.5,1,0,M,0.2929,5909.597928,-0.210960912,568.9497917,302.8757098,-0.210960912,568.9497917,-302.8757098,5909.597928,Phasianidae,erectile,other Phasianidae
Crossoptilon_mantchuricum,2,2,0,1.5,1,0,M,0.1871,91.22233376,-0.09749296,-3549.143342,218.9418712,-0.09749296,-3549.143342,-218.9418712,91.22233376,Phasianidae,erectile,other Phasianidae
Crossoptilon_auritum,3,2,-1,1.5,1,0,M,0.1441,3694.653029,0.07625338,-5291.48048,299.0024869,0.07625338,-5291.48048,-299.0024869,3694.653029,Phasianidae,erectile,other Phasianidae
Catreus_wallichii,1,2,1,1.5,2,2,M,0.2165,1836.533962,-0.056410359,206.1958858,160.357186,-0.056410359,206.1958858,-160.357186,1836.533962,Phasianidae,erectile,other Phasianidae
Syrmaticus_ellioti,2,2,0,1.5,1,8,nonM,0.3166,-448.4571421,0.103506771,-3109.761535,63.5297643,0.103506771,-3109.761535,-63.5297643,-448.4571421,Phasianidae,erectile,other Phasianidae
Syrmaticus_humiae,1,2,1,1.5,1,9,nonM,0.37,806.5152038,0.06059536,2790.403495,4.901172384,0.06059536,2790.403495,-4.901172384,806.5152038,Phasianidae,erectile,other Phasianidae
Syrmaticus_mikado,1,2,1,1.5,1,9,nonM,0.2808,1904.205072,-0.171941584,-2775.665033,105.5470632,-0.171941584,-2775.665033,-105.5470632,1904.205072,Phasianidae,erectile,other Phasianidae
Syrmaticus_soemmerringii,1,2,1,1.5,1,9,M,-0.3077,-1005.596783,0.003962714,-6416.940786,126.4834932,0.003962714,-6416.940786,-126.4834932,-1005.596783,Phasianidae,erectile,other Phasianidae
Syrmaticus_reevesii,0,1,1,1.5,1,9,nonM,0.6112,-1451.511795,0.230541428,-10997.02644,121.3612266,0.230541428,-10997.02644,-121.3612266,-1451.511795,Phasianidae,erectile,other Phasianidae
Phasianus_colchicus,0,2,2,1.5,1,10,nonM,0.3822,-1409.71671,0.099208093,-11217.51499,150.0183712,0.099208093,-11217.51499,-150.0183712,-1409.71671,Phasianidae,erectile,other Phasianidae
Phasianus_versicolor,0,2,2,1.5,1,10,nonM,0.242,-1518.518059,-0.027842134,-8044.592495,96.41250772,-0.027842134,-8044.592495,-96.41250772,-1518.518059,Phasianidae,erectile,other Phasianidae
Chrysolophus_pictus,0,1,1,1,1,11,nonM,0.266,-1148.57077,0.028709807,-12438.81399,121.9392764,0.028709807,-12438.81399,-121.9392764,-1148.57077,Phasianidae,non-erectile,other Phasianidae
Chrysolophus_amherstiae,0,2,2,1,1,11,nonM,0.0679,1042.272259,0.058465089,-7208.367929,140.2665279,0.058465089,-7208.367929,-140.2665279,1042.272259,Phasianidae,non-erectile,other Phasianidae
Polyplectron_chalcurum,1,1,0,1,1,1,M,1.0039,699.2566327,-0.082346281,-59.46040499,-37.338366,-0.082346281,-59.46040499,37.338366,699.2566327,Phasianidae,non-erectile,other Phasianidae
Polyplectron_inopinatum,0,0,0,0,1,4,M,0.1768,38.49140717,0.094544918,-943.1874831,-74.23692435,0.094544918,-943.1874831,74.23692435,38.49140717,Phasianidae,No_FS,other Phasianidae
Polyplectron_germaini,1,1,0,1,1,5,nonM,0.2846,-1271.653093,0.012589493,4745.925272,-140.5631364,0.012589493,4745.925272,140.5631364,-1271.653093,Phasianidae,non-erectile,other Phasianidae
Polyplectron_bicalcaratum,1,1,0,1,1,7,M,0.3317,-603.6505965,0.181879865,1899.689713,-33.68382021,0.181879865,1899.689713,33.68382021,-603.6505965,Phasianidae,non-erectile,other Phasianidae
Polyplectron_katsumatae,1,2,1,1,1,7,M,0.3882,-57.07424022,0.13147641,1029.984402,-32.38598721,0.13147641,1029.984402,32.38598721,-57.07424022,Phasianidae,non-erectile,other Phasianidae
Polyplectron_malacense,2,2,0,1,1,8,nonM,0.2673,-1440.980547,0.047043044,384.5771336,-147.6829014,0.047043044,384.5771336,147.6829014,-1440.980547,Phasianidae,non-erectile,other Phasianidae
Polyplectron_schleiermacheri,2,2,0,1,1,10,nonM,0.4085,-1602.652432,0.176815927,2148.612365,-163.2312907,0.176815927,2148.612365,163.2312907,-1602.652432,Phasianidae,non-erectile,other Phasianidae
Polyplectron_napoleonis,0,1,1,1,1,10,M,0.354,-1330.493772,0.134484639,2036.854953,-180.5231366,0.134484639,2036.854953,180.5231366,-1330.493772,Phasianidae,non-erectile,other Phasianidae
Rheinardia_ocellata,1,1,0,1,1,10,nonM,1.8523,-723.5190753,-0.149083232,2433.841489,-94.39475141,-0.149083232,2433.841489,94.39475141,-723.5190753,Phasianidae,non-erectile,other Phasianidae
Argusianus_argus,3,3,0,1,1,9,nonM,0.4511,-1346.556937,0.086053007,1555.564976,-145.5006481,0.086053007,1555.564976,145.5006481,-1346.556937,Phasianidae,non-erectile,other Phasianidae
Pavo_cristatus,1,1,0,1,1,9,nonM,0.3158,-1191.718293,-0.14312255,4993.166381,-105.1634335,-0.14312255,4993.166381,105.1634335,-1191.718293,Phasianidae,non-erectile,other Phasianidae
Pavo_muticus,2,3,1,1,1,3,nonM,2.9865,-1358.159632,-0.061032913,4176.453823,-139.3877661,-0.061032913,4176.453823,139.3877661,-1358.159632,Phasianidae,non-erectile,other Phasianidae
Afropavo_congensis,1,3,2,1,2,8,M,0.2395,-220.1308272,0.1028607,430.9655788,-93.8949027,0.1028607,430.9655788,93.8949027,-220.1308272,Phasianidae,non-erectile,other Phasianidae